Workbook

Sheet student sheet T2
C1: ENGLISH LANG. | G1: MATHEMATICS | K1: IGBO LANGUAGE | O1: BIOLOGY | S1: CHEMISTRY | W1: PHYSICS | AA1: CRS | AE1: LITERATURE | AI1: AGRIC SCIENCE | AM1: ECONOMICS | AQ1: GEOGRAPHY | AU1: ANIMAL HUS. | AY1: GOVERNMENT | BC1: CIVIC EDU. | BG1: COMP. SCIENCE | BK1: MARKETING | BS1: FRENCH
A2: REG. No. | B2: Name | C2: CAT | D2: CAT2 | E2: EXAM | F2: TOTAL | G2: CAT3 | H2: CAT24 | I2: EXAM5 | J2: TOTAL6 | K2: CAT7 | L2: CAT28 | M2: EXAM9 | N2: TOTAL10 | O2: CAT11 | P2: CAT212 | Q2: EXAM13 | R2: TOTAL14 | S2: CAT15 | T2: CAT216 | U2: EXAM17 | V2: TOTAL18 | W2: CAT19 | X2: CAT220 | Y2: EXAM21 | Z2: TOTAL22 | AA2: CAT23 | AB2: CAT224 | AC2: EXAM25 | AD2: TOTAL26 | AE2: CAT27 | AF2: CAT228 | AG2: EXAM29 | AH2: TOTAL30 | AI2: CAT31 | AJ2: CAT232 | AK2: EXAM33 | AL2: TOTAL34 | AM2: CAT35 | AN2: CAT236 | AO2: EXAM37 | AP2: TOTAL38 | AQ2: CAT39 | AR2: CAT240 | AS2: EXAM41 | AT2: TOTAL42 | AU2: CAT43 | AV2: CAT244 | AW2: EXAM45 | AX2: TOTAL46 | AY2: CAT47 | AZ2: CAT248 | BA2: EXAM49 | BB2: TOTAL50 | BC2: CAT51 | BD2: CAT252 | BE2: EXAM53 | BF2: TOTAL54 | BG2: CAT55 | BH2: CAT256 | BI2: EXAM57 | BJ2: TOTAL58 | BK2: CAT59 | BL2: CAT260 | BM2: EXAM61 | BN2: TOTAL62 | BO2: CA1 | BP2: CAT264 | BQ2: EXAM65 | BR2: TOTAL66 | BS2: CAT67 | BT2: CAT268 | BU2: EXAM69 | BV2: TOTAL70
A3: ='[1]student detail'!A2 -> BDS/22/001 | B3: ='[1]student detail'!B2 -> AMA LIGHT NNEOMA | C3: 10 | D3: 12 | E3: 52 | F3: =SUM(Table_6[[#This Row],[CAT]:[EXAM]]) -> 74 | J3: =SUM(Table_6[[#This Row],[CAT3]:[EXAM5]]) -> 0 | K3: 18 | L3: 20 | M3: 33 | N3: =SUM(K3:M3) -> 71 | O3: 17 | P3: 10 | Q3: 15 | R3: =SUM(O3:Q3) -> 42 | S3: 10 | T3: 3 | U3: 33 | V3: =SUM(S3:U3) -> 46 | W3: 11 | X3: 10 | Y3: 8 | Z3: =SUM(W3:Y3) -> 29 | AD3: =SUM(AA3:AC3) -> 0 | AE3: 10 | AF3: 12 | AG3: 57 | AH3: =SUM(AE3:AG3) -> 79 | AL3: =SUM(AI3:AK3) -> 0 | AM3: 20 | AN3: 20 | AO3: 47 | AP3: =SUM(AM3:AO3) -> 87 | AT3: =SUM(AQ3:AS3) -> 0 | AX3: =SUM(AU3:AW3) -> 0 | AY3: 20 | AZ3: 20 | BA3: 47 | BB3: =SUM(AY3:BA3) -> 87 | BC3: 10 | BD3: 20 | BE3: 31 | BF3: =SUM(BC3:BE3) -> 61 | BJ3: =SUM(BG3:BI3) -> 0 | BK3: 10 | BL3: 10 | BM3: 35 | BN3: =SUM(Table_6[[#This Row],[CAT59]:[EXAM61]]) -> 55 | BO3: 20 | BP3: 20 | BQ3: 30 | BR3: =SUM(BO3:BQ3) -> 70 | BV3: =SUM(BS3:BU3) -> 0
A4: ='[1]student detail'!A3 -> BDS/22/002 | B4: ='[1]student detail'!B3 -> AMADI OLUEBUBE TESTIMONY | C4: 10 | D4: 10 | E4: 54 | F4: =SUM(Table_6[[#This Row],[CAT]:[EXAM]]) -> 74 | J4: =SUM(Table_6[[#This Row],[CAT3]:[EXAM5]]) -> 0 | K4: 18 | L4: 20 | M4: 29 | N4: =SUM(K4:M4) -> 67 | O4: 10 | P4: 18 | Q4: 33 | R4: =SUM(O4:Q4) -> 61 | S4: 10 | T4: 18 | U4: 30 | V4: =SUM(S4:U4) -> 58 | W4: 10 | X4: 11 | Y4: 18 | Z4: =SUM(W4:Y4) -> 39 | AD4: =SUM(AA4:AC4) -> 0 | AE4: 8 | AF4: 10 | AG4: 52 | AH4: =SUM(AE4:AG4) -> 70 | AL4: =SUM(AI4:AK4) -> 0 | AM4: 20 | AN4: 29 | AO4: 34 | AP4: =SUM(AM4:AO4) -> 83 | AT4: =SUM(AQ4:AS4) -> 0 | AX4: =SUM(AU4:AW4) -> 0 | AY4: 20 | AZ4: 20 | BA4: 44 | BB4: =SUM(AY4:BA4) -> 84 | BC4: 10 | BD4: 29 | BE4: 36 | BF4: =SUM(BC4:BE4) -> 75 | BJ4: =SUM(BG4:BI4) -> 0 | BK4: 10 | BL4: 12 | BM4: 29 | BN4: =SUM(Table_6[[#This Row],[CAT59]:[EXAM61]]) -> 51 | BO4: 20 | BP4: 20 | BQ4: 41 | BR4: =SUM(BO4:BQ4) -> 81 | BV4: =SUM(BS4:BU4) -> 0
A5: ='[1]student detail'!A4 -> BDS/22/003 | B5: ='[1]student detail'!B4 -> AMAECHI BRIGHT | C5: 12 | E5: 17 | F5: =SUM(Table_6[[#This Row],[CAT]:[EXAM]]) -> 29 | J5: =SUM(Table_6[[#This Row],[CAT3]:[EXAM5]]) -> 0 | K5: 10 | L5: 18 | M5: 14 | N5: =SUM(K5:M5) -> 42 | O5: 11 | P5: 10 | Q5: 29 | R5: =SUM(O5:Q5) -> 50 | S5: 10 | T5: 9 | U5: 20 | V5: =SUM(S5:U5) -> 39 | W5: 10 | X5: 10 | Y5: 11 | Z5: =SUM(W5:Y5) -> 31 | AD5: =SUM(AA5:AC5) -> 0 | AE5: 10 | AF5: 5 | AG5: 18 | AH5: =SUM(AE5:AG5) -> 33 | AL5: =SUM(AI5:AK5) -> 0 | AM5: 20 | AN5: 17 | AO5: 24 | AP5: =SUM(AM5:AO5) -> 61 | AT5: =SUM(AQ5:AS5) -> 0 | AX5: =SUM(AU5:AW5) -> 0 | AY5: 20 | AZ5: 20 | BA5: 29 | BB5: =SUM(AY5:BA5) -> 69 | BC5: 10 | BD5: 17 | BE5: 30 | BF5: =SUM(BC5:BE5) -> 57 | BJ5: =SUM(BG5:BI5) -> 0 | BK5: 10 | BL5: 20 | BM5: 21 | BN5: =SUM(Table_6[[#This Row],[CAT59]:[EXAM61]]) -> 51 | BO5: 20 | BP5: 20 | BQ5: 29 | BR5: =SUM(BO5:BQ5) -> 69 | BV5: =SUM(BS5:BU5) -> 0
A6: ='[1]student detail'!A5 -> BDS/22/006 | B6: ='[1]student detail'!B5 -> ALOZIE CHIEMELA PROSPER | C6: 10 | D6: 12 | E6: 54 | F6: =SUM(Table_6[[#This Row],[CAT]:[EXAM]]) -> 76 | J6: =SUM(Table_6[[#This Row],[CAT3]:[EXAM5]]) -> 0 | K6: 15 | L6: 20 | M6: 22 | N6: =SUM(K6:M6) -> 57 | O6: 10 | P6: 14 | Q6: 31 | R6: =SUM(O6:Q6) -> 55 | S6: 10 | T6: 8 | U6: 30 | V6: =SUM(S6:U6) -> 48 | W6: 10 | X6: 8 | Y6: 20 | Z6: =SUM(W6:Y6) -> 38 | AD6: =SUM(AA6:AC6) -> 0 | AE6: 10 | AF6: 10 | AG6: 40 | AH6: =SUM(AE6:AG6) -> 60 | AL6: =SUM(AI6:AK6) -> 0 | AM6: 20 | AN6: 30 | AO6: 44 | AP6: =SUM(AM6:AO6) -> 94 | AT6: =SUM(AQ6:AS6) -> 0 | AX6: =SUM(AU6:AW6) -> 0 | AY6: 20 | AZ6: 20 | BA6: 48 | BB6: =SUM(AY6:BA6) -> 88 | BC6: 10 | BD6: 30 | BE6: 39 | BF6: =SUM(BC6:BE6) -> 79 | BJ6: =SUM(BG6:BI6) -> 0 | BK6: 10 | BL6: 10 | BM6: 32 | BN6: =SUM(Table_6[[#This Row],[CAT59]:[EXAM61]]) -> 52 | BO6: 20 | BP6: 20 | BQ6: 38 | BR6: =SUM(BO6:BQ6) -> 78 | BV6: =SUM(BS6:BU6) -> 0
A7: ='[1]student detail'!A6 -> BDS/22/007 | B7: ='[1]student detail'!B6 -> CHINEDU CHIDERA | C7: 10 | D7: 8 | E7: 38 | F7: =SUM(Table_6[[#This Row],[CAT]:[EXAM]]) -> 56 | J7: =SUM(Table_6[[#This Row],[CAT3]:[EXAM5]]) -> 0 | K7: 12 | L7: 20 | M7: 25 | N7: =SUM(K7:M7) -> 57 | O7: 10 | P7: 9 | Q7: 20 | R7: =SUM(O7:Q7) -> 39 | S7: 10 | T7: 11 | U7: 34 | V7: =SUM(S7:U7) -> 55 | W7: 10 | X7: 7 | Y7: 9 | Z7: =SUM(W7:Y7) -> 26 | AD7: =SUM(AA7:AC7) -> 0 | AE7: 10 | AF7: 8 | AG7: 58 | AH7: =SUM(AE7:AG7) -> 76 | AL7: =SUM(AI7:AK7) -> 0 | AM7: 20 | AN7: 17 | AO7: 21 | AP7: =SUM(AM7:AO7) -> 58 | AT7: =SUM(AQ7:AS7) -> 0 | AX7: =SUM(AU7:AW7) -> 0 | AY7: 20 | AZ7: 20 | BA7: 42 | BB7: =SUM(AY7:BA7) -> 82 | BC7: 10 | BD7: 17 | BE7: 33 | BF7: =SUM(BC7:BE7) -> 60 | BJ7: =SUM(BG7:BI7) -> 0 | BK7: 10 | BL7: 20 | BM7: 15 | BN7: =SUM(Table_6[[#This Row],[CAT59]:[EXAM61]]) -> 45 | BO7: 20 | BP7: 20 | BQ7: 30 | BR7: =SUM(BO7:BQ7) -> 70 | BV7: =SUM(BS7:BU7) -> 0
A8: ='[1]student detail'!A7 -> BDS/22/008 | B8: ='[1]student detail'!B7 -> CHIONYE BRIGHT | C8: 10 | D8: 8 | E8: 56 | F8: =SUM(Table_6[[#This Row],[CAT]:[EXAM]]) -> 74 | J8: =SUM(Table_6[[#This Row],[CAT3]:[EXAM5]]) -> 0 | K8: 15 | L8: 20 | M8: 37 | N8: =SUM(K8:M8) -> 72 | O8: 10 | P8: 19 | Q8: 33 | R8: =SUM(O8:Q8) -> 62 | S8: 10 | T8: 15 | U8: 37 | V8: =SUM(S8:U8) -> 62 | W8: 10 | X8: 16 | Y8: 28 | Z8: =SUM(W8:Y8) -> 54 | AD8: =SUM(AA8:AC8) -> 0 | AE8: 10 | AF8: 8 | AG8: 50 | AH8: =SUM(AE8:AG8) -> 68 | AL8: =SUM(AI8:AK8) -> 0 | AM8: 20 | AN8: 19 | AO8: 55 | AP8: =SUM(AM8:AO8) -> 94 | AT8: =SUM(AQ8:AS8) -> 0 | AX8: =SUM(AU8:AW8) -> 0 | AY8: 20 | AZ8: 20 | BA8: 49 | BB8: =SUM(AY8:BA8) -> 89 | BC8: 10 | BD8: 37 | BE8: 45 | BF8: =SUM(BC8:BE8) -> 92 | BJ8: =SUM(BG8:BI8) -> 0 | BK8: 10 | BL8: 10 | BM8: 50 | BN8: =SUM(Table_6[[#This Row],[CAT59]:[EXAM61]]) -> 70 | BO8: 20 | BP8: 20 | BQ8: 46 | BR8: =SUM(BO8:BQ8) -> 86 | BV8: =SUM(BS8:BU8) -> 0
A9: ='[1]student detail'!A8 -> BDS/22/010 | B9: ='[1]student detail'!B8 -> ENYINNAYA EXCEL MIRACLE | C9: 8 | D9: 10 | E9: 51 | F9: =SUM(Table_6[[#This Row],[CAT]:[EXAM]]) -> 69 | J9: =SUM(Table_6[[#This Row],[CAT3]:[EXAM5]]) -> 0 | K9: 12 | L9: 20 | M9: 39 | N9: =SUM(K9:M9) -> 71 | O9: 12 | P9: 10 | Q9: 24 | R9: =SUM(O9:Q9) -> 46 | S9: 10 | T9: 3 | U9: 30 | V9: =SUM(S9:U9) -> 43 | W9: 10 | X9: 10 | Y9: 20 | Z9: =SUM(W9:Y9) -> 40 | AD9: =SUM(AA9:AC9) -> 0 | AE9: 6 | AF9: 10 | AG9: 45 | AH9: =SUM(AE9:AG9) -> 61 | AL9: =SUM(AI9:AK9) -> 0 | AM9: 20 | AN9: 20 | AO9: 50 | AP9: =SUM(AM9:AO9) -> 90 | AT9: =SUM(AQ9:AS9) -> 0 | AX9: =SUM(AU9:AW9) -> 0 | AY9: 20 | AZ9: 20 | BA9: 47 | BB9: =SUM(AY9:BA9) -> 87 | BC9: 10 | BD9: 19 | BE9: 33 | BF9: =SUM(BC9:BE9) -> 62 | BJ9: =SUM(BG9:BI9) -> 0 | BK9: 10 | BL9: 20 | BM9: 30 | BN9: =SUM(Table_6[[#This Row],[CAT59]:[EXAM61]]) -> 60 | BO9: 20 | BP9: 20 | BQ9: 43 | BR9: =SUM(BO9:BQ9) -> 83 | BV9: =SUM(BS9:BU9) -> 0
A10: ='[1]student detail'!A9 -> BDS/22/012 | B10: ='[1]student detail'!B9 -> OGBONNAYA FAVOUR IFEOMA | C10: 10 | D10: 8 | E10: 40 | F10: =SUM(Table_6[[#This Row],[CAT]:[EXAM]]) -> 58 | J10: =SUM(Table_6[[#This Row],[CAT3]:[EXAM5]]) -> 0 | L10: 20 | M10: 38 | N10: =SUM(K10:M10) -> 58 | O10: 20 | P10: 15 | Q10: 29 | R10: =SUM(O10:Q10) -> 64 | S10: 10 | T10: 3 | U10: 52 | V10: =SUM(S10:U10) -> 65 | W10: 10 | X10: 17 | Y10: 14 | Z10: =SUM(W10:Y10) -> 41 | AD10: =SUM(AA10:AC10) -> 0 | AE10: 8 | AF10: 10 | AG10: 53 | AH10: =SUM(AE10:AG10) -> 71 | AL10: =SUM(AI10:AK10) -> 0 | AM10: 20 | AN10: 20 | AO10: 15 | AP10: =SUM(AM10:AO10) -> 55 | AT10: =SUM(AQ10:AS10) -> 0 | AX10: =SUM(AU10:AW10) -> 0 | AY10: 20 | AZ10: 20 | BA10: 36 | BB10: =SUM(AY10:BA10) -> 76 | BC10: 10 | BD10: 35 | BE10: 47 | BF10: =SUM(BC10:BE10) -> 92 | BJ10: =SUM(BG10:BI10) -> 0 | BK10: 10 | BL10: 23 | BM10: 32 | BN10: =SUM(Table_6[[#This Row],[CAT59]:[EXAM61]]) -> 65 | BO10: 20 | BP10: 20 | BQ10: 31 | BR10: =SUM(BO10:BQ10) -> 71 | BV10: =SUM(BS10:BU10) -> 0
A11: ='[1]student detail'!A10 -> BDS/22/013 | B11: ='[1]student detail'!B10 -> UBADIRE FORTUNE EMMANUEL | C11: 12 | D11: 10 | E11: 52 | F11: =SUM(Table_6[[#This Row],[CAT]:[EXAM]]) -> 74 | J11: =SUM(Table_6[[#This Row],[CAT3]:[EXAM5]]) -> 0 | K11: 18 | L11: 20 | M11: 35 | N11: =SUM(K11:M11) -> 73 | O11: 11 | P11: 10 | Q11: 46 | R11: =SUM(O11:Q11) -> 67 | S11: 10 | T11: 13 | U11: 30 | V11: =SUM(S11:U11) -> 53 | W11: 15 | X11: 10 | Y11: 34 | Z11: =SUM(W11:Y11) -> 59 | AD11: =SUM(AA11:AC11) -> 0 | AE11: 10 | AF11: 10 | AG11: 58 | AH11: =SUM(AE11:AG11) -> 78 | AL11: =SUM(AI11:AK11) -> 0 | AM11: 20 | AN11: 20 | AO11: 58 | AP11: =SUM(AM11:AO11) -> 98 | AT11: =SUM(AQ11:AS11) -> 0 | AX11: =SUM(AU11:AW11) -> 0 | AY11: 20 | AZ11: 20 | BA11: 45 | BB11: =SUM(AY11:BA11) -> 85 | BC11: 10 | BD11: 20 | BE11: 46 | BF11: =SUM(BC11:BE11) -> 76 | BJ11: =SUM(BG11:BI11) -> 0 | BK11: 10 | BL11: 20 | BM11: 36 | BN11: =SUM(Table_6[[#This Row],[CAT59]:[EXAM61]]) -> 66 | BO11: 20 | BP11: 20 | BQ11: 42 | BR11: =SUM(BO11:BQ11) -> 82 | BV11: =SUM(BS11:BU11) -> 0
A12: ='[1]student detail'!A11 -> BDS/22/015 | B12: ='[1]student detail'!B11 -> IHEME SOLOMON | C12: 13 | D12: 15 | E12: 55 | F12: =SUM(Table_6[[#This Row],[CAT]:[EXAM]]) -> 83 | J12: =SUM(Table_6[[#This Row],[CAT3]:[EXAM5]]) -> 0 | K12: 15 | L12: 20 | M12: 30 | N12: =SUM(K12:M12) -> 65 | O12: 20 | P12: 17 | Q12: 38 | R12: =SUM(O12:Q12) -> 75 | S12: 10 | T12: 3 | U12: 25 | V12: =SUM(S12:U12) -> 38 | W12: 10 | X12: 15 | Y12: 28 | Z12: =SUM(W12:Y12) -> 53 | AD12: =SUM(AA12:AC12) -> 0 | AE12: 10 | AF12: 10 | AG12: 38 | AH12: =SUM(AE12:AG12) -> 58 | AL12: =SUM(AI12:AK12) -> 0 | AM12: 20 | AN12: 19 | AO12: 53 | AP12: =SUM(AM12:AO12) -> 92 | AT12: =SUM(AQ12:AS12) -> 0 | AX12: =SUM(AU12:AW12) -> 0 | AY12: 20 | AZ12: 20 | BA12: 49 | BB12: =SUM(AY12:BA12) -> 89 | BC12: 10 | BD12: 36 | BE12: 47 | BF12: =SUM(BC12:BE12) -> 93 | BJ12: =SUM(BG12:BI12) -> 0 | BK12: 10 | BL12: 24 | BM12: 21 | BN12: =SUM(Table_6[[#This Row],[CAT59]:[EXAM61]]) -> 55 | BO12: 20 | BP12: 20 | BQ12: 40 | BR12: =SUM(BO12:BQ12) -> 80 | BV12: =SUM(BS12:BU12) -> 0
A13: ='[1]student detail'!A12 -> BDS/22/017 | B13: ='[1]student detail'!B12 -> IWUCHUKWU PRECIOUS | C13: 8 | D13: 10 | E13: 39 | F13: =SUM(Table_6[[#This Row],[CAT]:[EXAM]]) -> 57 | J13: =SUM(Table_6[[#This Row],[CAT3]:[EXAM5]]) -> 0 | K13: 17 | L13: 20 | M13: 21 | N13: =SUM(K13:M13) -> 58 | O13: 13 | P13: 10 | Q13: 29 | R13: =SUM(O13:Q13) -> 52 | S13: 10 | T13: 13 | U13: 25 | V13: =SUM(S13:U13) -> 48 | W13: 10 | X13: 7 | Y13: 6 | Z13: =SUM(W13:Y13) -> 23 | AD13: =SUM(AA13:AC13) -> 0 | AE13: 8 | AF13: 8 | AG13: 59 | AH13: =SUM(AE13:AG13) -> 75 | AL13: =SUM(AI13:AK13) -> 0 | AM13: 20 | AN13: 19 | AO13: 20 | AP13: =SUM(AM13:AO13) -> 59 | AT13: =SUM(AQ13:AS13) -> 0 | AX13: =SUM(AU13:AW13) -> 0 | AY13: 20 | AZ13: 20 | BA13: 41 | BB13: =SUM(AY13:BA13) -> 81 | BC13: 10 | BD13: 20 | BE13: 21 | BF13: =SUM(BC13:BE13) -> 51 | BJ13: =SUM(BG13:BI13) -> 0 | BK13: 10 | BL13: 20 | BM13: 20 | BN13: =SUM(Table_6[[#This Row],[CAT59]:[EXAM61]]) -> 50 | BO13: 20 | BP13: 20 | BQ13: 31 | BR13: =SUM(BO13:BQ13) -> 71 | BV13: =SUM(BS13:BU13) -> 0
A14: ='[1]student detail'!A13 -> BDS/22/019 | B14: ='[1]student detail'!B13 -> KELECHI KING DAVID | C14: 12 | D14: 6 | E14: 49 | F14: =SUM(Table_6[[#This Row],[CAT]:[EXAM]]) -> 67 | J14: =SUM(Table_6[[#This Row],[CAT3]:[EXAM5]]) -> 0 | K14: 16 | L14: 8 | M14: 17 | N14: =SUM(K14:M14) -> 41 | O14: 10 | P14: 12 | Q14: 27 | R14: =SUM(O14:Q14) -> 49 | S14: 10 | T14: 17 | U14: 30 | V14: =SUM(S14:U14) -> 57 | W14: 10 | X14: 10 | Y14: 12 | Z14: =SUM(W14:Y14) -> 32 | AD14: =SUM(AA14:AC14) -> 0 | AH14: =SUM(AE14:AG14) -> 0 | AL14: =SUM(AI14:AK14) -> 0 | AM14: 20 | AN14: 10 | AO14: 22 | AP14: =SUM(AM14:AO14) -> 52 | AT14: =SUM(AQ14:AS14) -> 0 | AX14: =SUM(AU14:AW14) -> 0 | AY14: 20 | AZ14: 20 | BA14: 48 | BB14: =SUM(AY14:BA14) -> 88 | BC14: 10 | BD14: 20 | BE14: 25 | BF14: =SUM(BC14:BE14) -> 55 | BJ14: =SUM(BG14:BI14) -> 0 | BK14: 10 | BL14: 20 | BM14: 20 | BN14: =SUM(Table_6[[#This Row],[CAT59]:[EXAM61]]) -> 50 | BO14: 20 | BP14: 20 | BQ14: 44 | BR14: =SUM(BO14:BQ14) -> 84 | BV14: =SUM(BS14:BU14) -> 0
A15: ='[1]student detail'!A14 -> BDS/22/021 | B15: ='[1]student detail'!B14 -> NDUBUISI CHISOM | C15: 10 | D15: 12 | E15: 54 | F15: =SUM(Table_6[[#This Row],[CAT]:[EXAM]]) -> 76 | J15: =SUM(Table_6[[#This Row],[CAT3]:[EXAM5]]) -> 0 | K15: 16 | L15: 20 | M15: 46 | N15: =SUM(K15:M15) -> 82 | O15: 17 | P15: 20 | Q15: 33 | R15: =SUM(O15:Q15) -> 70 | S15: 10 | T15: 18 | U15: 55 | V15: =SUM(S15:U15) -> 83 | W15: 10 | X15: 17 | Y15: 34 | Z15: =SUM(W15:Y15) -> 61 | AD15: =SUM(AA15:AC15) -> 0 | AE15: 8 | AF15: 10 | AG15: 60 | AH15: =SUM(AE15:AG15) -> 78 | AL15: =SUM(AI15:AK15) -> 0 | AM15: 20 | AN15: 20 | AO15: 53 | AP15: =SUM(AM15:AO15) -> 93 | AT15: =SUM(AQ15:AS15) -> 0 | AX15: =SUM(AU15:AW15) -> 0 | AY15: 20 | AZ15: 20 | BA15: 55 | BB15: =SUM(AY15:BA15) -> 95 | BC15: 10 | BD15: 18 | BE15: 42 | BF15: =SUM(BC15:BE15) -> 70 | BJ15: =SUM(BG15:BI15) -> 0 | BK15: 10 | BL15: 20 | BM15: 40 | BN15: =SUM(Table_6[[#This Row],[CAT59]:[EXAM61]]) -> 70 | BO15: 20 | BP15: 20 | BQ15: 53 | BR15: =SUM(BO15:BQ15) -> 93 | BV15: =SUM(BS15:BU15) -> 0
A16: ='[1]student detail'!A15 -> BDS/22/023 | B16: ='[1]student detail'!B15 -> NDULAKA CHIMAMANDA | C16: 10 | D16: 10 | E16: 54 | F16: =SUM(Table_6[[#This Row],[CAT]:[EXAM]]) -> 74 | J16: =SUM(Table_6[[#This Row],[CAT3]:[EXAM5]]) -> 0 | K16: 16 | L16: 20 | M16: 30 | N16: =SUM(K16:M16) -> 66 | O16: 20 | P16: 10 | Q16: 41 | R16: =SUM(O16:Q16) -> 71 | S16: 10 | T16: 16 | U16: 36 | V16: =SUM(S16:U16) -> 62 | W16: 10 | X16: 18 | Y16: 32 | Z16: =SUM(W16:Y16) -> 60 | AA16: 2 | AD16: =SUM(AA16:AC16) -> 2 | AE16: 10 | AF16: 10 | AG16: 52 | AH16: =SUM(AE16:AG16) -> 72 | AL16: =SUM(AI16:AK16) -> 0 | AM16: 20 | AN16: 18 | AO16: 54 | AP16: =SUM(AM16:AO16) -> 92 | AT16: =SUM(AQ16:AS16) -> 0 | AX16: =SUM(AU16:AW16) -> 0 | AY16: 20 | AZ16: 20 | BA16: 45 | BB16: =SUM(AY16:BA16) -> 85 | BC16: 10 | BD16: 20 | BE16: 44 | BF16: =SUM(BC16:BE16) -> 74 | BJ16: =SUM(BG16:BI16) -> 0 | BK16: 10 | BL16: 25 | BM16: 47 | BN16: =SUM(Table_6[[#This Row],[CAT59]:[EXAM61]]) -> 82 | BO16: 20 | BP16: 20 | BQ16: 48 | BR16: =SUM(BO16:BQ16) -> 88 | BV16: =SUM(BS16:BU16) -> 0
A17: ='[1]student detail'!A16 -> BDS/22/026 | B17: ='[1]student detail'!B16 -> OKORO WINNER | C17: 10 | D17: 12 | E17: 54 | F17: =SUM(Table_6[[#This Row],[CAT]:[EXAM]]) -> 76 | J17: =SUM(Table_6[[#This Row],[CAT3]:[EXAM5]]) -> 0 | K17: 19 | L17: 20 | M17: 40 | N17: 79 | O17: 10 | P17: 13 | Q17: 48 | R17: =SUM(O17:Q17) -> 71 | S17: 10 | T17: 16 | U17: 25 | V17: =SUM(S17:U17) -> 51 | W17: 11 | X17: 11 | Y17: 28 | Z17: =SUM(W17:Y17) -> 50 | AD17: =SUM(AA17:AC17) -> 0 | AE17: 10 | AF17: 12 | AG17: 40 | AH17: =SUM(AE17:AG17) -> 62 | AL17: =SUM(AI17:AK17) -> 0 | AM17: 20 | AN17: 20 | AO17: 48 | AP17: =SUM(AM17:AO17) -> 88 | AT17: =SUM(AQ17:AS17) -> 0 | AX17: =SUM(AU17:AW17) -> 0 | AY17: 20 | AZ17: 20 | BA17: 50 | BB17: =SUM(AY17:BA17) -> 90 | BC17: 10 | BD17: 30 | BE17: 44 | BF17: =SUM(BC17:BE17) -> 84 | BJ17: =SUM(BG17:BI17) -> 0 | BK17: 10 | BL17: 14 | BM17: 48 | BN17: =SUM(Table_6[[#This Row],[CAT59]:[EXAM61]]) -> 72 | BO17: 20 | BP17: 20 | BQ17: 43 | BR17: =SUM(BO17:BQ17) -> 83 | BV17: =SUM(BS17:BU17) -> 0
A18: ='[1]student detail'!A17 -> BDS/22/027 | B18: ='[1]student detail'!B17 -> ONONOBI AMARACHI | C18: 10 | D18: 10 | E18: 43 | F18: =SUM(Table_6[[#This Row],[CAT]:[EXAM]]) -> 63 | J18: =SUM(Table_6[[#This Row],[CAT3]:[EXAM5]]) -> 0 | K18: 18 | L18: 20 | M18: 41 | N18: =SUM(K18:M18) -> 79 | O18: 17 | P18: 20 | Q18: 29 | R18: =SUM(O18:Q18) -> 66 | S18: 10 | T18: 17 | U18: 35 | V18: =SUM(S18:U18) -> 62 | W18: 11 | X18: 12 | Y18: 15 | Z18: =SUM(W18:Y18) -> 38 | AD18: =SUM(AA18:AC18) -> 0 | AE18: 8 | AF18: 10 | AG18: 56 | AH18: =SUM(AE18:AG18) -> 74 | AL18: =SUM(AI18:AK18) -> 0 | AM18: 20 | AN18: 20 | AO18: 38 | AP18: =SUM(AM18:AO18) -> 78 | AT18: =SUM(AQ18:AS18) -> 0 | AX18: =SUM(AU18:AW18) -> 0 | AY18: 20 | AZ18: 20 | BA18: 36 | BB18: =SUM(AY18:BA18) -> 76 | BC18: 10 | BD18: 27 | BE18: 23 | BF18: =SUM(BC18:BE18) -> 60 | BJ18: =SUM(BG18:BI18) -> 0 | BK18: 10 | BL18: 21 | BM18: 27 | BN18: =SUM(Table_6[[#This Row],[CAT59]:[EXAM61]]) -> 58 | BO18: 20 | BP18: 20 | BQ18: 22 | BR18: =SUM(BO18:BQ18) -> 62 | BV18: =SUM(BS18:BU18) -> 0
A19: ='[1]student detail'!A18 -> BDS/22/029 | B19: ='[1]student detail'!B18 -> RICHARD GOODLUCK | C19: 10 | D19: 8 | E19: 56 | F19: =SUM(Table_6[[#This Row],[CAT]:[EXAM]]) -> 74 | J19: =SUM(Table_6[[#This Row],[CAT3]:[EXAM5]]) -> 0 | K19: 10 | L19: 10 | M19: 28 | N19: =SUM(K19:M19) -> 48 | O19: 5 | P19: 5 | Q19: 39 | R19: =SUM(O19:Q19) -> 49 | S19: 10 | T19: 8 | U19: 30 | V19: =SUM(S19:U19) -> 48 | W19: 11 | X19: 10 | Y19: 12 | Z19: =SUM(W19:Y19) -> 33 | AD19: =SUM(AA19:AC19) -> 0 | AE19: 5 | AF19: 10 | AG19: 46 | AH19: =SUM(AE19:AG19) -> 61 | AL19: =SUM(AI19:AK19) -> 0 | AM19: 20 | AN19: 20 | AO19: 28 | AP19: =SUM(AM19:AO19) -> 68 | AT19: =SUM(AQ19:AS19) -> 0 | AX19: =SUM(AU19:AW19) -> 0 | AY19: 20 | AZ19: 20 | BA19: 42 | BB19: =SUM(AY19:BA19) -> 82 | BC19: 10 | BD19: 23 | BE19: 35 | BF19: =SUM(BC19:BE19) -> 68 | BJ19: =SUM(BG19:BI19) -> 0 | BK19: 10 | BL19: 20 | BM19: 20 | BN19: =SUM(Table_6[[#This Row],[CAT59]:[EXAM61]]) -> 50 | BO19: 20 | BP19: 20 | BQ19: 41 | BR19: =SUM(BO19:BQ19) -> 81 | BV19: =SUM(BS19:BU19) -> 0
A20: ='[1]student detail'!A19 -> BDS/22/033 | B20: ='[1]student detail'!B19 -> UKPABI NOBLE MUNACHI | C20: 12 | D20: 8 | E20: 47 | F20: =SUM(Table_6[[#This Row],[CAT]:[EXAM]]) -> 67 | J20: =SUM(Table_6[[#This Row],[CAT3]:[EXAM5]]) -> 0 | K20: 14 | L20: 20 | M20: 25 | N20: =SUM(K20:M20) -> 59 | O20: 10 | P20: 12 | Q20: 37 | R20: =SUM(O20:Q20) -> 59 | S20: 10 | T20: 17 | U20: 30 | V20: =SUM(S20:U20) -> 57 | W20: 10 | X20: 11 | Y20: 20 | Z20: =SUM(W20:Y20) -> 41 | AD20: =SUM(AA20:AC20) -> 0 | AE20: 10 | AF20: 12 | AG20: 53 | AH20: =SUM(AE20:AG20) -> 75 | AL20: =SUM(AI20:AK20) -> 0 | AM20: 20 | AN20: 20 | AO20: 37 | AP20: =SUM(AM20:AO20) -> 77 | AT20: =SUM(AQ20:AS20) -> 0 | AX20: =SUM(AU20:AW20) -> 0 | AY20: 20 | AZ20: 20 | BA20: 50 | BB20: =SUM(AY20:BA20) -> 90 | BC20: 10 | BD20: 20 | BE20: 39 | BF20: =SUM(BC20:BE20) -> 69 | BJ20: =SUM(BG20:BI20) -> 0 | BK20: 10 | BL20: 20 | BM20: 25 | BN20: =SUM(Table_6[[#This Row],[CAT59]:[EXAM61]]) -> 55 | BO20: 20 | BP20: 20 | BQ20: 35 | BR20: =SUM(BO20:BQ20) -> 75 | BV20: =SUM(BS20:BU20) -> 0
A21: ='[1]student detail'!A20 -> BDS/22/034 | B21: ='[1]student detail'!B20 -> VICTOR VICTORY | C21: 10 | D21: 12 | E21: 54 | F21: =SUM(Table_6[[#This Row],[CAT]:[EXAM]]) -> 76 | J21: =SUM(Table_6[[#This Row],[CAT3]:[EXAM5]]) -> 0 | K21: 19 | L21: 20 | M21: 30 | N21: =SUM(K21:M21) -> 69 | O21: 17 | P21: 20 | Q21: 51 | R21: =SUM(O21:Q21) -> 88 | S21: 10 | T21: 18 | U21: 35 | V21: =SUM(S21:U21) -> 63 | W21: 11 | X21: 20 | Y21: 20 | Z21: =SUM(W21:Y21) -> 51 | AD21: =SUM(AA21:AC21) -> 0 | AE21: 10 | AF21: 10 | AG21: 45 | AH21: =SUM(AE21:AG21) -> 65 | AL21: =SUM(AI21:AK21) -> 0 | AM21: 20 | AN21: 20 | AO21: 52 | AP21: =SUM(AM21:AO21) -> 92 | AT21: =SUM(AQ21:AS21) -> 0 | AX21: =SUM(AU21:AW21) -> 0 | AY21: 20 | AZ21: 20 | BA21: 51 | BB21: =SUM(AY21:BA21) -> 91 | BC21: 10 | BD21: 39 | BE21: 33 | BF21: 0 | BJ21: =SUM(BG21:BI21) -> 0 | BK21: 10 | BL21: 20 | BM21: 30 | BN21: =SUM(Table_6[[#This Row],[CAT59]:[EXAM61]]) -> 60 | BO21: 20 | BP21: 20 | BQ21: 47 | BR21: =SUM(BO21:BQ21) -> 87 | BV21: =SUM(BS21:BU21) -> 0
A22: ='[1]student detail'!A21 -> BDS/22/036 | B22: ='[1]student detail'!B21 -> CHIBUZOR WISDOM | C22: 10 | D22: 10 | E22: 48 | J22: =SUM(Table_6[[#This Row],[CAT3]:[EXAM5]]) -> 0 | K22: 15 | L22: 20 | M22: 21 | N22: =SUM(K22:M22) -> 56 | O22: 10 | P22: 11 | Q22: 35 | R22: =SUM(O22:Q22) -> 56 | S22: 10 | T22: 8 | U22: 20 | V22: =SUM(S22:U22) -> 38 | W22: 10 | X22: 11 | Y22: 7 | Z22: =SUM(W22:Y22) -> 28 | AD22: =SUM(AA22:AC22) -> 0 | AE22: 12 | AF22: 8 | AG22: 25 | AH22: =SUM(AE22:AG22) -> 45 | AL22: =SUM(AI22:AK22) -> 0 | AM22: 20 | AN22: 19 | AO22: 56 | AP22: =SUM(AM22:AO22) -> 95 | AT22: =SUM(AQ22:AS22) -> 0 | AX22: =SUM(AU22:AW22) -> 0 | AY22: 20 | AZ22: 20 | BA22: 49 | BB22: =SUM(AY22:BA22) -> 89 | BC22: 10 | BD22: 17 | BE22: 41 | BJ22: =SUM(BG22:BI22) -> 0 | BK22: 10 | BL22: 20 | BM22: 17 | BN22: =SUM(Table_6[[#This Row],[CAT59]:[EXAM61]]) -> 47 | BO22: 20 | BP22: 20 | BQ22: 32 | BR22: =SUM(BO22:BQ22) -> 72 | BV22: =SUM(BS22:BU22) -> 0
A23: ='[1]student detail'!A22 -> BDS/22/038 | B23: ='[1]student detail'!B22 -> EMMANUEL CHISOM MICHAEL | C23: 10 | D23: 5 | E23: 18 | F23: =SUM(Table_6[[#This Row],[CAT]:[EXAM]]) -> 33 | J23: =SUM(Table_6[[#This Row],[CAT3]:[EXAM5]]) -> 0 | K23: 10 | L23: 20 | M23: 31 | N23: =SUM(K23:M23) -> 61 | O23: 5 | P23: 5 | Q23: 31 | R23: =SUM(O23:Q23) -> 41 | S23: 10 | T23: 7 | U23: 20 | V23: =SUM(S23:U23) -> 37 | W23: 5 | X23: 10 | Y23: 17 | Z23: =SUM(W23:Y23) -> 32 | AD23: =SUM(AA23:AC23) -> 0 | AE23: 10 | AF23: 10 | AG23: 18 | AH23: =SUM(AE23:AG23) -> 38 | AL23: =SUM(AI23:AK23) -> 0 | AM23: 20 | AN23: 20 | AO23: 31 | AP23: =SUM(AM23:AO23) -> 71 | AT23: =SUM(AQ23:AS23) -> 0 | AX23: =SUM(AU23:AW23) -> 0 | AY23: 20 | AZ23: 20 | BA23: 52 | BB23: =SUM(AY23:BA23) -> 92 | BC23: 10 | BD23: 26 | BE23: 25 | BF23: 0 | BJ23: =SUM(BG23:BI23) -> 0 | BK23: 10 | BL23: 20 | BM23: 25 | BN23: =SUM(Table_6[[#This Row],[CAT59]:[EXAM61]]) -> 55 | BO23: 20 | BP23: 20 | BQ23: 39 | BR23: =SUM(BO23:BQ23) -> 79 | BV23: =SUM(BS23:BU23) -> 0
A24: ='[1]student detail'!A23 -> BDS/22/043 | B24: ='[1]student detail'!B23 -> Chidiebube Joshua Ikechukwu | C24: 5 | D24: 10 | E24: 10 | F24: =SUM(Table_6[[#This Row],[CAT]:[EXAM]]) -> 25 | J24: =SUM(Table_6[[#This Row],[CAT3]:[EXAM5]]) -> 0 | K24: 10 | L24: 20 | M24: 9 | N24: =SUM(K24:M24) -> 39 | O24: 10 | P24: 9 | Q24: 11 | R24: =SUM(O24:Q24) -> 30 | S24: 10 | T24: 11 | U24: 20 | V24: =SUM(S24:U24) -> 41 | W24: 8 | X24: 9 | Y24: 14 | Z24: =SUM(W24:Y24) -> 31 | AD24: =SUM(AA24:AC24) -> 0 | AE24: 10 | AF24: 10 | AG24: 18 | AH24: =SUM(AE24:AG24) -> 38 | AL24: =SUM(AI24:AK24) -> 0 | AM24: 20 | AN24: 20 | AO24: 30 | AP24: =SUM(AM24:AO24) -> 70 | AT24: =SUM(AQ24:AS24) -> 0 | AX24: =SUM(AU24:AW24) -> 0 | AY24: 20 | AZ24: 20 | BA24: 27 | BB24: =SUM(AY24:BA24) -> 67 | BC24: 10 | BD24: 14 | BE24: 22 | BF24: 0 | BJ24: =SUM(BG24:BI24) -> 0 | BK24: 10 | BL24: 20 | BM24: 10 | BN24: =SUM(Table_6[[#This Row],[CAT59]:[EXAM61]]) -> 40 | BO24: 20 | BP24: 20 | BQ24: 24 | BR24: =SUM(BO24:BQ24) -> 64 | BV24: =SUM(BS24:BU24) -> 0
A25: ='[1]student detail'!A24 -> BDS/22/046 | B25: ='[1]student detail'!B24 -> Lawrence Chibuike Prince | C25: 10 | D25: 15 | E25: 44 | F25: =SUM(Table_6[[#This Row],[CAT]:[EXAM]]) -> 69 | J25: =SUM(Table_6[[#This Row],[CAT3]:[EXAM5]]) -> 0 | K25: 14 | L25: 20 | M25: 26 | N25: =SUM(K25:M25) -> 60 | O25: 12 | P25: 10 | Q25: 30 | R25: =SUM(O25:Q25) -> 52 | S25: 10 | T25: 15 | U25: 45 | V25: =SUM(S25:U25) -> 70 | W25: 12 | X25: 12 | Y25: 12 | Z25: =SUM(W25:Y25) -> 36 | AD25: =SUM(AA25:AC25) -> 0 | AE25: 10 | AF25: 10 | AG25: 48 | AH25: =SUM(AE25:AG25) -> 68 | AL25: =SUM(AI25:AK25) -> 0 | AM25: 20 | AN25: 20 | AO25: 10 | AP25: =SUM(AM25:AO25) -> 50 | AT25: =SUM(AQ25:AS25) -> 0 | AX25: =SUM(AU25:AW25) -> 0 | AY25: 20 | AZ25: 20 | BA25: 58 | BB25: =SUM(AY25:BA25) -> 98 | BC25: 10 | BD25: 27 | BE25: 26 | BF25: 0 | BJ25: =SUM(BG25:BI25) -> 0 | BK25: 10 | BL25: 10 | BM25: 33 | BN25: =SUM(Table_6[[#This Row],[CAT59]:[EXAM61]]) -> 53 | BR25: =SUM(BO25:BQ25) -> 0 | BV25: =SUM(BS25:BU25) -> 0
A26: ='[1]student detail'!A25 -> BDS/22/047 | B26: ='[1]student detail'!B25 -> Onyema FAVOUR ADAEZE | C26: 10 | D26: 12 | E26: 52 | F26: =SUM(Table_6[[#This Row],[CAT]:[EXAM]]) -> 74 | J26: =SUM(Table_6[[#This Row],[CAT3]:[EXAM5]]) -> 0 | K26: 19 | L26: 20 | M26: 39 | N26: =SUM(K26:M26) -> 78 | O26: 20 | P26: 10 | Q26: 42 | R26: =SUM(O26:Q26) -> 72 | S26: 10 | T26: 18 | U26: 45 | V26: =SUM(S26:U26) -> 73 | W26: 17 | X26: 10 | Y26: 27 | Z26: =SUM(W26:Y26) -> 54 | AD26: =SUM(AA26:AC26) -> 0 | AE26: 8 | AF26: 8 | AG26: 55 | AH26: =SUM(AE26:AG26) -> 71 | AL26: =SUM(AI26:AK26) -> 0 | AM26: 20 | AN26: 19 | AO26: 58 | AP26: =SUM(AM26:AO26) -> 97 | AT26: =SUM(AQ26:AS26) -> 0 | AX26: =SUM(AU26:AW26) -> 0 | AY26: 20 | AZ26: 20 | BA26: 52 | BC26: 10 | BD26: 30 | BE26: 47 | BF26: 0 | BJ26: =SUM(BG26:BI26) -> 0 | BK26: 10 | BL26: 20 | BM26: 33 | BN26: =SUM(Table_6[[#This Row],[CAT59]:[EXAM61]]) -> 63 | BR26: =SUM(BO26:BQ26) -> 0 | BV26: =SUM(BS26:BU26) -> 0
A27: ='[1]student detail'!A26 -> BDS/22/053 | B27: ='[1]student detail'!B26 -> JOSEPH CHIDERA | C27: 10 | D27: 8 | E27: 57 | F27: =SUM(Table_6[[#This Row],[CAT]:[EXAM]]) -> 75 | J27: =SUM(Table_6[[#This Row],[CAT3]:[EXAM5]]) -> 0 | K27: 8 | L27: 10 | M27: 13 | N27: =SUM(K27:M27) -> 31 | O27: 13 | P27: 20 | Q27: 53 | R27: =SUM(O27:Q27) -> 86 | S27: 10 | T27: 21 | U27: 50 | V27: =SUM(S27:U27) -> 81 | W27: 11 | X27: 11 | Y27: 38 | Z27: =SUM(W27:Y27) -> 60 | AD27: =SUM(AA27:AC27) -> 0 | AE27: 10 | AF27: 8 | AG27: 60 | AH27: =SUM(AE27:AG27) -> 78 | AL27: =SUM(AI27:AK27) -> 0 | AM27: 20 | AN27: 26 | AO27: 54 | AP27: =SUM(AM27:AO27) -> 100 | AT27: =SUM(AQ27:AS27) -> 0 | AX27: =SUM(AU27:AW27) -> 0 | AY27: 20 | AZ27: 20 | BA27: 50 | BB27: =SUM(AY27:BA27) -> 90 | BC27: 10 | BD27: 30 | BE27: 48 | BF27: =SUM(BC27:BE27) -> 88 | BJ27: =SUM(BG27:BI27) -> 0 | BK27: 10 | BL27: 10 | BM27: 53 | BN27: =SUM(Table_6[[#This Row],[CAT59]:[EXAM61]]) -> 73 | BO27: 20 | BP27: 20 | BQ27: 45 | BR27: =SUM(BO27:BQ27) -> 85 | BV27: =SUM(BS27:BU27) -> 0
A28: ='[1]student detail'!A27 -> BDS/22/054 | B28: ='[1]student detail'!B27 -> KINGSELY GOSPEL | C28: 8 | D28: 8 | E28: 14 | F28: =SUM(Table_6[[#This Row],[CAT]:[EXAM]]) -> 30 | J28: =SUM(Table_6[[#This Row],[CAT3]:[EXAM5]]) -> 0 | K28: 2 | L28: 20 | M28: 9 | N28: =SUM(K28:M28) -> 31 | R28: =SUM(O28:Q28) -> 0 | S28: 10 | T28: 2 | U28: 20 | V28: =SUM(S28:U28) -> 32 | W28: 10 | X28: 7 | Y28: 4 | Z28: =SUM(W28:Y28) -> 21 | AD28: =SUM(AA28:AC28) -> 0 | AH28: =SUM(AE28:AG28) -> 0 | AL28: =SUM(AI28:AK28) -> 0 | AM28: 10 | AN28: 20 | AO28: 21 | AP28: =SUM(AM28:AO28) -> 51 | AT28: =SUM(AQ28:AS28) -> 0 | AX28: =SUM(AU28:AW28) -> 0 | AY28: 20 | AZ28: 20 | BA28: 23 | BB28: =SUM(AY28:BA28) -> 63 | BC28: 10 | BD28: 18 | BE28: 33 | BF28: =SUM(BC28:BE28) -> 61 | BJ28: =SUM(BG28:BI28) -> 0 | BK28: 10 | BL28: 20 | BM28: 14 | BN28: =SUM(Table_6[[#This Row],[CAT59]:[EXAM61]]) -> 44 | BO28: 20 | BP28: 20 | BQ28: 20 | BR28: 0 | BV28: =SUM(BS28:BU28) -> 0
A29: ='[1]student detail'!A28 -> BDS/22/059 | B29: ='[1]student detail'!B28 -> OBIOMA WISDOM | C29: 10 | D29: 6 | E29: 38 | F29: =SUM(Table_6[[#This Row],[CAT]:[EXAM]]) -> 54 | J29: =SUM(Table_6[[#This Row],[CAT3]:[EXAM5]]) -> 0 | K29: 8 | L29: 10 | M29: 13 | N29: =SUM(K29:M29) -> 31 | O29: 10 | P29: 1 | Q29: 4 | R29: =SUM(O29:Q29) -> 15 | S29: 10 | T29: 3 | U29: 20 | V29: =SUM(S29:U29) -> 33 | W29: 7 | X29: 7 | Y29: 5 | Z29: =SUM(W29:Y29) -> 19 | AD29: =SUM(AA29:AC29) -> 0 | AE29: 10 | AF29: 5 | AG29: 30 | AH29: =SUM(AE29:AG29) -> 45 | AL29: =SUM(AI29:AK29) -> 0 | AM29: 20 | AN29: 5 | AO29: 13 | AP29: =SUM(AM29:AO29) -> 38 | AT29: =SUM(AQ29:AS29) -> 0 | AX29: =SUM(AU29:AW29) -> 0 | AY29: 20 | AZ29: 20 | BA29: 47 | BB29: =SUM(AY29:BA29) -> 87 | BC29: 10 | BD29: 18 | BE29: 44 | BF29: =SUM(BC29:BE29) -> 72 | BJ29: =SUM(BG29:BI29) -> 0 | BK29: 10 | BL29: 20 | BM29: 48 | BN29: =SUM(Table_6[[#This Row],[CAT59]:[EXAM61]]) -> 78 | BO29: 20 | BP29: 20 | BQ29: 29 | BR29: =SUM(BO29:BQ29) -> 69 | BV29: =SUM(BS29:BU29) -> 0
A30: ='[1]student detail'!A29 -> BDS/22/060 | B30: ='[1]student detail'!B29 -> UKONMADU GOODLUCK | C30: 11 | D30: 10 | E30: 32 | F30: =SUM(Table_6[[#This Row],[CAT]:[EXAM]]) -> 53 | J30: =SUM(Table_6[[#This Row],[CAT3]:[EXAM5]]) -> 0 | K30: 16 | L30: 20 | M30: 32 | N30: =SUM(K30:M30) -> 68 | O30: 10 | P30: 16 | Q30: 17 | R30: =SUM(O30:Q30) -> 43 | S30: 10 | T30: 13 | U30: 39 | V30: =SUM(S30:U30) -> 62 | W30: 8 | X30: 7 | Y30: 14 | Z30: =SUM(W30:Y30) -> 29 | AD30: =SUM(AA30:AC30) -> 0 | AH30: =SUM(AE30:AG30) -> 0 | AL30: =SUM(AI30:AK30) -> 0 | AP30: =SUM(AM30:AO30) -> 0 | AT30: =SUM(AQ30:AS30) -> 0 | AX30: =SUM(AU30:AW30) -> 0 | AY30: 20 | AZ30: 20 | BA30: 33 | BB30: =SUM(AY30:BA30) -> 73 | BC30: 10 | BD30: 20 | BE30: 38 | BF30: =SUM(BC30:BE30) -> 68 | BJ30: =SUM(BG30:BI30) -> 0 | BK30: 10 | BL30: 20 | BM30: 13 | BN30: =SUM(Table_6[[#This Row],[CAT59]:[EXAM61]]) -> 43 | BO30: 20 | BP30: 20 | BQ30: 27 | BR30: =SUM(BO30:BQ30) -> 67 | BV30: =SUM(BS30:BU30) -> 0
A31: ='[1]student detail'!A30 -> BDS/22/061 | B31: ='[1]student detail'!B30 -> CHIAZOR VIVIAN | C31: 15 | D31: 8 | E31: 50 | F31: =SUM(Table_6[[#This Row],[CAT]:[EXAM]]) -> 73 | J31: =SUM(Table_6[[#This Row],[CAT3]:[EXAM5]]) -> 0 | K31: 18 | L31: 20 | M31: 45 | N31: =SUM(K31:M31) -> 83 | O31: 20 | P31: 18 | Q31: 53 | R31: =SUM(O31:Q31) -> 91 | S31: 10 | T31: 13 | U31: 39 | V31: =SUM(S31:U31) -> 62 | W31: 10 | X31: 17 | Y31: 28 | Z31: =SUM(W31:Y31) -> 55 | AD31: =SUM(AA31:AC31) -> 0 | AE31: 12 | AF31: 8 | AG31: 53 | AH31: =SUM(AE31:AG31) -> 73 | AL31: =SUM(AI31:AK31) -> 0 | AM31: 20 | AN31: 19 | AO31: 55 | AP31: =SUM(AM31:AO31) -> 94 | AT31: =SUM(AQ31:AS31) -> 0 | AX31: =SUM(AU31:AW31) -> 0 | AY31: 20 | AZ31: 20 | BA31: 55 | BB31: =SUM(AY31:BA31) -> 95 | BC31: 10 | BD31: 40 | BE31: 44 | BF31: =SUM(BC31:BE31) -> 94 | BJ31: =SUM(BG31:BI31) -> 0 | BK31: 10 | BL31: 10 | BM31: 48 | BN31: =SUM(Table_6[[#This Row],[CAT59]:[EXAM61]]) -> 68 | BO31: 20 | BP31: 20 | BQ31: 45 | BR31: =SUM(BO31:BQ31) -> 85 | BV31: =SUM(BS31:BU31) -> 0
A32: ='[1]student detail'!A31 -> BDS/22/062 | B32: ='[1]student detail'!B31 -> UGORJI DEBORAH | C32: 12 | D32: 9 | E32: 50 | F32: =SUM(Table_6[[#This Row],[CAT]:[EXAM]]) -> 71 | J32: =SUM(Table_6[[#This Row],[CAT3]:[EXAM5]]) -> 0 | K32: 18 | L32: 20 | M32: 20 | N32: =SUM(K32:M32) -> 58 | O32: 18 | P32: 20 | Q32: 28 | R32: =SUM(O32:Q32) -> 66 | S32: 12 | T32: 10 | U32: 40 | V32: =SUM(S32:U32) -> 62 | W32: 18 | X32: 10 | Y32: 19 | Z32: =SUM(W32:Y32) -> 47 | AD32: =SUM(AA32:AC32) -> 0 | AE32: 8 | AF32: 8 | AG32: 53 | AH32: =SUM(AE32:AG32) -> 69 | AL32: =SUM(AI32:AK32) -> 0 | AM32: 20 | AN32: 19 | AO32: 48 | AP32: =SUM(AM32:AO32) -> 87 | AT32: =SUM(AQ32:AS32) -> 0 | AX32: =SUM(AU32:AW32) -> 0 | AY32: 20 | AZ32: 20 | BA32: 53 | BB32: =SUM(AY32:BA32) -> 93 | BC32: 10 | BD32: 40 | BE32: 41 | BF32: =SUM(BC32:BE32) -> 91 | BJ32: =SUM(BG32:BI32) -> 0 | BK32: 10 | BL32: 10 | BM32: 38 | BN32: =SUM(Table_6[[#This Row],[CAT59]:[EXAM61]]) -> 58 | BO32: 20 | BP32: 20 | BQ32: 34 | BR32: =SUM(BO32:BQ32) -> 74 | BV32: =SUM(BS32:BU32) -> 0
A33: ='[1]student detail'!A32 -> BDS/22/063 | B33: ='[1]student detail'!B32 -> EKEMEZIE KAMSI | C33: 10 | D33: 5 | E33: 38 | F33: =SUM(Table_6[[#This Row],[CAT]:[EXAM]]) -> 53 | J33: =SUM(Table_6[[#This Row],[CAT3]:[EXAM5]]) -> 0 | K33: 17 | L33: 20 | M33: 30 | N33: =SUM(K33:M33) -> 67 | O33: 10 | P33: 19 | Q33: 33 | R33: =SUM(O33:Q33) -> 62 | S33: 10 | T33: 16 | U33: 40 | V33: =SUM(S33:U33) -> 66 | W33: 10 | X33: 11 | Y33: 23 | Z33: =SUM(W33:Y33) -> 44 | AD33: =SUM(AA33:AC33) -> 0 | AE33: 4 | AF33: 10 | AG33: 40 | AH33: =SUM(AE33:AG33) -> 54 | AL33: =SUM(AI33:AK33) -> 0 | AM33: 20 | AN33: 20 | AO33: 10 | AP33: =SUM(AM33:AO33) -> 50 | AT33: =SUM(AQ33:AS33) -> 0 | AX33: =SUM(AU33:AW33) -> 0 | AY33: 20 | AZ33: 20 | BA33: 53 | BB33: =SUM(AY33:BA33) -> 93 | BC33: 10 | BD33: 40 | BE33: 45 | BF33: =SUM(BC33:BE33) -> 95 | BJ33: =SUM(BG33:BI33) -> 0 | BK33: 10 | BL33: 22 | BM33: 33 | BN33: =SUM(Table_6[[#This Row],[CAT59]:[EXAM61]]) -> 65 | BO33: 20 | BP33: 20 | BQ33: 35 | BR33: =SUM(BO33:BQ33) -> 75 | BV33: =SUM(BS33:BU33) -> 0
A34: ='[1]student detail'!A33 -> BDS/22/064 | B34: ='[1]student detail'!B33 -> AKANDU CHISOM ADA | C34: 10 | D34: 8 | E34: 38 | F34: =SUM(Table_6[[#This Row],[CAT]:[EXAM]]) -> 56 | J34: =SUM(Table_6[[#This Row],[CAT3]:[EXAM5]]) -> 0 | L34: 20 | M34: 14 | N34: =SUM(K34:M34) -> 34 | O34: 17 | P34: 10 | Q34: 21 | R34: =SUM(O34:Q34) -> 48 | S34: 10 | T34: 10 | U34: 20 | V34: =SUM(S34:U34) -> 40 | W34: 10 | X34: 10 | Y34: 17 | Z34: =SUM(W34:Y34) -> 37 | AD34: =SUM(AA34:AC34) -> 0 | AE34: 10 | AF34: 12 | AG34: 40 | AH34: =SUM(AE34:AG34) -> 62 | AL34: =SUM(AI34:AK34) -> 0 | AM34: 20 | AN34: 20 | AO34: 9 | AP34: =SUM(AM34:AO34) -> 49 | AT34: =SUM(AQ34:AS34) -> 0 | AX34: =SUM(AU34:AW34) -> 0 | AY34: 20 | AZ34: 20 | BA34: 44 | BB34: =SUM(AY34:BA34) -> 84 | BC34: 10 | BD34: 27 | BE34: 44 | BF34: =SUM(BC34:BE34) -> 81 | BJ34: =SUM(BG34:BI34) -> 0 | BK34: 10 | BL34: 20 | BM34: 12 | BN34: =SUM(Table_6[[#This Row],[CAT59]:[EXAM61]]) -> 42 | BO34: 20 | BP34: 20 | BQ34: 35 | BR34: =SUM(BO34:BQ34) -> 75 | BV34: =SUM(BS34:BU34) -> 0
A35: ='[1]student detail'!A34 -> BDS/22/065 | B35: ='[1]student detail'!B34 -> AHAMEFULA KING JUDE | C35: 10 | D35: 10 | E35: 52 | F35: =SUM(Table_6[[#This Row],[CAT]:[EXAM]]) -> 72 | J35: =SUM(Table_6[[#This Row],[CAT3]:[EXAM5]]) -> 0 | K35: 12 | L35: 20 | M35: 29 | N35: =SUM(K35:M35) -> 61 | O35: 20 | P35: 2 | Q35: 42 | R35: =SUM(O35:Q35) -> 64 | S35: 10 | T35: 9 | U35: 40 | V35: =SUM(S35:U35) -> 59 | W35: 10 | X35: 10 | Y35: 21 | Z35: =SUM(W35:Y35) -> 41 | AD35: =SUM(AA35:AC35) -> 0 | AE35: 8 | AF35: 10 | AG35: 55 | AH35: =SUM(AE35:AG35) -> 73 | AL35: =SUM(AI35:AK35) -> 0 | AM35: 20 | AN35: 19 | AO35: 45 | AP35: =SUM(AM35:AO35) -> 84 | AT35: =SUM(AQ35:AS35) -> 0 | AX35: =SUM(AU35:AW35) -> 0 | AY35: 20 | AZ35: 20 | BA35: 45 | BB35: =SUM(AY35:BA35) -> 85 | BC35: 10 | BD35: 29 | BE35: 45 | BF35: =SUM(BC35:BE35) -> 84 | BJ35: =SUM(BG35:BI35) -> 0 | BK35: 10 | BL35: 20 | BM35: 35 | BN35: =SUM(Table_6[[#This Row],[CAT59]:[EXAM61]]) -> 65 | BO35: 20 | BP35: 20 | BQ35: 43 | BR35: =SUM(BO35:BQ35) -> 83 | BV35: =SUM(BS35:BU35) -> 0
A36: ='[1]student detail'!A35 -> BDS/22/066 | B36: ='[1]student detail'!B35 -> ANOCHIE BLESSING | C36: 15 | D36: 12 | E36: 52 | F36: =SUM(Table_6[[#This Row],[CAT]:[EXAM]]) -> 79 | J36: =SUM(Table_6[[#This Row],[CAT3]:[EXAM5]]) -> 0 | K36: 20 | L36: 20 | M36: 41 | N36: =SUM(K36:M36) -> 81 | O36: 11 | P36: 10 | Q36: 24 | R36: =SUM(O36:Q36) -> 45 | S36: 10 | T36: 15 | U36: 36 | V36: =SUM(S36:U36) -> 61 | W36: 14 | X36: 10 | Y36: 23 | Z36: =SUM(W36:Y36) -> 47 | AD36: =SUM(AA36:AC36) -> 0 | AE36: 14 | AF36: 10 | AG36: 54 | AH36: =SUM(AE36:AG36) -> 78 | AL36: =SUM(AI36:AK36) -> 0 | AM36: 20 | AN36: 19 | AO36: 54 | AP36: =SUM(AM36:AO36) -> 93 | AT36: =SUM(AQ36:AS36) -> 0 | AX36: =SUM(AU36:AW36) -> 0 | AY36: 20 | AZ36: 20 | BA36: 53 | BB36: =SUM(AY36:BA36) -> 93 | BC36: 10 | BD36: 40 | BE36: 41 | BF36: =SUM(BC36:BE36) -> 91 | BJ36: 0 | BK36: 10 | BL36: 20 | BM36: 33 | BN36: =SUM(Table_6[[#This Row],[CAT59]:[EXAM61]]) -> 63 | BO36: 20 | BP36: 20 | BQ36: 35 | BR36: =SUM(BO36:BQ36) -> 75 | BV36: =SUM(BS36:BU36) -> 0
A37: ='[1]student detail'!A36 -> BDS/22/067 | B37: ='[1]student detail'!B36 -> CHIGOZIRIM ANNOINTING | C37: 10 | D37: 12 | E37: 38 | F37: =SUM(Table_6[[#This Row],[CAT]:[EXAM]]) -> 60 | J37: =SUM(Table_6[[#This Row],[CAT3]:[EXAM5]]) -> 0 | K37: 17 | L37: 20 | M37: 33 | N37: =SUM(K37:M37) -> 70 | O37: 10 | P37: 16 | Q37: 38 | R37: =SUM(O37:Q37) -> 64 | S37: 10 | T37: 16 | U37: 30 | V37: =SUM(S37:U37) -> 56 | W37: 7 | X37: 10 | Y37: 16 | Z37: =SUM(W37:Y37) -> 33 | AD37: =SUM(AA37:AC37) -> 0 | AE37: 8 | AF37: 10 | AG37: 40 | AH37: =SUM(AE37:AG37) -> 58 | AL37: =SUM(AI37:AK37) -> 0 | AM37: 20 | AN37: 20 | AO37: 24 | AP37: =SUM(AM37:AO37) -> 64 | AT37: =SUM(AQ37:AS37) -> 0 | AX37: =SUM(AU37:AW37) -> 0 | AY37: 20 | AZ37: 20 | BA37: 49 | BB37: =SUM(AY37:BA37) -> 89 | BC37: 10 | BD37: 40 | BE37: 44 | BF37: =SUM(BC37:BE37) -> 94 | BJ37: =SUM(BG37:BI37) -> 0 | BK37: 10 | BL37: 20 | BM37: 36 | BN37: =SUM(Table_6[[#This Row],[CAT59]:[EXAM61]]) -> 66 | BO37: 20 | BP37: 20 | BQ37: 30 | BR37: =SUM(BO37:BQ37) -> 70 | BV37: =SUM(BS37:BU37) -> 0
A38: ='[1]student detail'!A37 -> BDS/22/068 | B38: ='[1]student detail'!B37 -> EZI DIVINE | C38: 10 | D38: 8 | E38: 54 | F38: =SUM(Table_6[[#This Row],[CAT]:[EXAM]]) -> 72 | J38: =SUM(Table_6[[#This Row],[CAT3]:[EXAM5]]) -> 0 | K38: 20 | L38: 20 | M38: 30 | N38: =SUM(K38:M38) -> 70 | O38: 12 | P38: 10 | Q38: 24 | R38: =SUM(O38:Q38) -> 46 | S38: 10 | T38: 15 | U38: 20 | V38: =SUM(S38:U38) -> 45 | W38: 19 | X38: 10 | Y38: 21 | Z38: =SUM(W38:Y38) -> 50 | AD38: =SUM(AA38:AC38) -> 0 | AE38: 10 | AF38: 12 | AG38: 50 | AH38: =SUM(AE38:AG38) -> 72 | AL38: =SUM(AI38:AK38) -> 0 | AM38: 20 | AN38: 19 | AO38: 33 | AP38: =SUM(AM38:AO38) -> 72 | AT38: =SUM(AQ38:AS38) -> 0 | AX38: =SUM(AU38:AW38) -> 0 | AY38: 20 | AZ38: 20 | BA38: 40 | BB38: =SUM(AY38:BA38) -> 80 | BC38: 10 | BD38: 40 | BE38: 47 | BF38: =SUM(BC38:BE38) -> 97 | BJ38: =SUM(BG38:BI38) -> 0 | BK38: 10 | BL38: 10 | BM38: 32 | BN38: =SUM(Table_6[[#This Row],[CAT59]:[EXAM61]]) -> 52 | BO38: 20 | BP38: 20 | BQ38: 37 | BR38: =SUM(BO38:BQ38) -> 77 | BV38: =SUM(BS38:BU38) -> 0
A39: ='[1]student detail'!A38 -> BDS/22/069 | B39: ='[1]student detail'!B38 -> EZUMA FAVOUR | F39: =SUM(Table_6[[#This Row],[CAT]:[EXAM]]) -> 0 | J39: =SUM(Table_6[[#This Row],[CAT3]:[EXAM5]]) -> 0 | K39: 15 | L39: 20 | N39: =SUM(K39:M39) -> 35 | R39: =SUM(O39:Q39) -> 0 | S39: 10 | T39: 15 | V39: =SUM(S39:U39) -> 25 | Z39: =SUM(W39:Y39) -> 0 | AD39: =SUM(AA39:AC39) -> 0 | AH39: =SUM(AE39:AG39) -> 0 | AL39: =SUM(AI39:AK39) -> 0 | AP39: =SUM(AM39:AO39) -> 0 | AT39: =SUM(AQ39:AS39) -> 0 | AX39: =SUM(AU39:AW39) -> 0 | BB39: =SUM(AY39:BA39) -> 0 | BC39: 10 | BD39: 18 | BE39: 44 | BF39: =SUM(BC39:BE39) -> 72 | BJ39: =SUM(BG39:BI39) -> 0 | BN39: =SUM(Table_6[[#This Row],[CAT59]:[EXAM61]]) -> 0 | BR39: =SUM(BO39:BQ39) -> 0 | BV39: =SUM(BS39:BU39) -> 0
A40: ='[1]student detail'!A39 -> BDS/22/070 | B40: ='[1]student detail'!B39 -> GABRIEL MUNACHIMSO | C40: 10 | D40: 8 | E40: 48 | F40: =SUM(Table_6[[#This Row],[CAT]:[EXAM]]) -> 66 | J40: =SUM(Table_6[[#This Row],[CAT3]:[EXAM5]]) -> 0 | K40: 14 | L40: 10 | M40: 35 | N40: =SUM(K40:M40) -> 59 | O40: 10 | P40: 13 | Q40: 12 | S40: 10 | T40: 11 | U40: 30 | V40: =SUM(S40:U40) -> 51 | W40: 11 | X40: 11 | Y40: 18 | Z40: =SUM(W40:Y40) -> 40 | AD40: =SUM(AA40:AC40) -> 0 | AE40: 10 | AF40: 15 | AG40: 50 | AH40: =SUM(AE40:AG40) -> 75 | AL40: =SUM(AI40:AK40) -> 0 | AM40: 20 | AN40: 18 | AO40: 32 | AP40: =SUM(AM40:AO40) -> 70 | AT40: =SUM(AQ40:AS40) -> 0 | AX40: =SUM(AU40:AW40) -> 0 | AY40: 20 | AZ40: 20 | BA40: 28 | BB40: =SUM(AY40:BA40) -> 68 | BC40: 10 | BD40: 39 | BE40: 46 | BF40: =SUM(BC40:BE40) -> 95 | BJ40: =SUM(BG40:BI40) -> 0 | BK40: 10 | BL40: 20 | BM40: 15 | BN40: =SUM(Table_6[[#This Row],[CAT59]:[EXAM61]]) -> 45 | BO40: 20 | BP40: 20 | BQ40: 32 | BR40: =SUM(BO40:BQ40) -> 72 | BV40: =SUM(BS40:BU40) -> 0
A41: ='[1]student detail'!A40 -> BDS/22/072 | B41: ='[1]student detail'!B40 -> IKECHUKWU OBINNA | C41: 12 | D41: 10 | E41: 50 | F41: =SUM(Table_6[[#This Row],[CAT]:[EXAM]]) -> 72 | J41: =SUM(Table_6[[#This Row],[CAT3]:[EXAM5]]) -> 0 | K41: 12 | L41: 20 | M41: 35 | N41: =SUM(K41:M41) -> 67 | O41: 20 | P41: 8 | Q41: 38 | R41: =SUM(O41:Q41) -> 66 | S41: 10 | T41: 13 | U41: 30 | V41: =SUM(S41:U41) -> 53 | W41: 11 | X41: 11 | Y41: 20 | Z41: =SUM(W41:Y41) -> 42 | AD41: =SUM(AA41:AC41) -> 0 | AE41: 8 | AF41: 12 | AG41: 52 | AH41: =SUM(AE41:AG41) -> 72 | AL41: =SUM(AI41:AK41) -> 0 | AM41: 20 | AN41: 20 | AO41: 50 | AP41: =SUM(AM41:AO41) -> 90 | AT41: =SUM(AQ41:AS41) -> 0 | AX41: =SUM(AU41:AW41) -> 0 | AY41: 20 | AZ41: 20 | BA41: 50 | BB41: =SUM(AY41:BA41) -> 90 | BC41: 10 | BD41: 29 | BE41: 39 | BF41: =SUM(BC41:BE41) -> 78 | BJ41: =SUM(BG41:BI41) -> 0 | BK41: 10 | BL41: 20 | BM41: 26 | BN41: =SUM(Table_6[[#This Row],[CAT59]:[EXAM61]]) -> 56 | BO41: 20 | BP41: 20 | BQ41: 36 | BR41: =SUM(BO41:BQ41) -> 76 | BV41: =SUM(BS41:BU41) -> 0
A42: ='[1]student detail'!A41 -> BDS/22/073 | B42: ='[1]student detail'!B41 -> JOHNSON NMESOMA | C42: 10 | D42: 6 | E42: 54 | F42: =SUM(Table_6[[#This Row],[CAT]:[EXAM]]) -> 70 | J42: =SUM(Table_6[[#This Row],[CAT3]:[EXAM5]]) -> 0 | K42: 16 | L42: 20 | M42: 31 | N42: =SUM(K42:M42) -> 67 | O42: 10 | P42: 19 | Q42: 36 | R42: =SUM(O42:Q42) -> 65 | S42: 10 | T42: 19 | U42: 30 | V42: =SUM(S42:U42) -> 59 | W42: 18 | X42: 10 | Y42: 15 | Z42: =SUM(W42:Y42) -> 43 | AD42: =SUM(AA42:AC42) -> 0 | AE42: 8 | AF42: 10 | AG42: 48 | AH42: =SUM(AE42:AG42) -> 66 | AL42: =SUM(AI42:AK42) -> 0 | AM42: 20 | AN42: 20 | AO42: 54 | AP42: =SUM(AM42:AO42) -> 94 | AT42: =SUM(AQ42:AS42) -> 0 | AX42: =SUM(AU42:AW42) -> 0 | AY42: 20 | AZ42: 20 | BA42: 51 | BB42: =SUM(AY42:BA42) -> 91 | BC42: 10 | BD42: 30 | BE42: 43 | BF42: =SUM(BC42:BE42) -> 83 | BJ42: =SUM(BG42:BI42) -> 0 | BK42: 10 | BL42: 10 | BM42: 45 | BN42: =SUM(Table_6[[#This Row],[CAT59]:[EXAM61]]) -> 65 | BO42: 20 | BP42: 20 | BQ42: 32 | BR42: =SUM(BO42:BQ42) -> 72 | BV42: =SUM(BS42:BU42) -> 0
A43: ='[1]student detail'!A42 -> BDS/22/076 | B43: ='[1]student detail'!B42 -> JOHN PRECIOUS | C43: 10 | D43: 5 | E43: 38 | F43: =SUM(Table_6[[#This Row],[CAT]:[EXAM]]) -> 53 | J43: =SUM(Table_6[[#This Row],[CAT3]:[EXAM5]]) -> 0 | K43: 18 | L43: 20 | M43: 22 | N43: =SUM(K43:M43) -> 60 | O43: 13 | P43: 10 | Q43: 18 | R43: =SUM(O43:Q43) -> 41 | S43: 10 | T43: 8 | U43: 20 | V43: =SUM(S43:U43) -> 38 | W43: 9 | X43: 9 | Y43: 18 | Z43: =SUM(W43:Y43) -> 36 | AD43: =SUM(AA43:AC43) -> 0 | AE43: 10 | AF43: 10 | AG43: 56 | AH43: =SUM(AE43:AG43) -> 76 | AL43: =SUM(AI43:AK43) -> 0 | AM43: 20 | AN43: 20 | AO43: 22 | AP43: =SUM(AM43:AO43) -> 62 | AT43: =SUM(AQ43:AS43) -> 0 | AX43: =SUM(AU43:AW43) -> 0 | AY43: 20 | AZ43: 20 | BA43: 47 | BB43: =SUM(AY43:BA43) -> 87 | BC43: 10 | BD43: 40 | BE43: 47 | BF43: =SUM(BC43:BE43) -> 97 | BJ43: =SUM(BG43:BI43) -> 0 | BK43: 10 | BL43: 20 | BM43: 5 | BN43: =SUM(Table_6[[#This Row],[CAT59]:[EXAM61]]) -> 35 | BO43: 20 | BP43: 20 | BQ43: 34 | BR43: =SUM(BO43:BQ43) -> 74 | BV43: =SUM(BS43:BU43) -> 0
A44: ='[1]student detail'!A43 -> BDS/22/077 | B44: ='[1]student detail'!B43 -> AKAHARA FAVOUR | C44: 15 | D44: 8 | E44: 54 | F44: =SUM(Table_6[[#This Row],[CAT]:[EXAM]]) -> 77 | J44: =SUM(Table_6[[#This Row],[CAT3]:[EXAM5]]) -> 0 | K44: 18 | L44: 20 | M44: 48 | N44: =SUM(K44:M44) -> 86 | O44: 20 | P44: 10 | Q44: 45 | R44: =SUM(O44:Q44) -> 75 | S44: 10 | T44: 15 | U44: 44 | V44: =SUM(S44:U44) -> 69 | W44: 11 | X44: 11 | Y44: 21 | Z44: =SUM(W44:Y44) -> 43 | AD44: =SUM(AA44:AC44) -> 0 | AE44: 8 | AF44: 10 | AG44: 38 | AH44: =SUM(AE44:AG44) -> 56 | AL44: =SUM(AI44:AK44) -> 0 | AM44: 20 | AN44: 20 | AO44: 47 | AP44: =SUM(AM44:AO44) -> 87 | AT44: =SUM(AQ44:AS44) -> 0 | AX44: =SUM(AU44:AW44) -> 0 | AY44: 20 | AZ44: 20 | BA44: 55 | BB44: =SUM(AY44:BA44) -> 95 | BC44: 10 | BD44: 29 | BE44: 45 | BF44: =SUM(BC44:BE44) -> 84 | BK44: 10 | BL44: 15 | BM44: 49 | BN44: =SUM(Table_6[[#This Row],[CAT59]:[EXAM61]]) -> 74 | BO44: 20 | BP44: 20 | BQ44: 36 | BR44: =SUM(BO44:BQ44) -> 76 | BV44: =SUM(BS44:BU44) -> 0
A45: ='[1]student detail'!A44 -> BDS/22/078 | B45: ='[1]student detail'!B44 -> UFFOR CHINEDU IGNATIUS | C45: 15 | D45: 8 | E45: 45 | F45: =SUM(Table_6[[#This Row],[CAT]:[EXAM]]) -> 68 | J45: =SUM(Table_6[[#This Row],[CAT3]:[EXAM5]]) -> 0 | K45: 16 | L45: 20 | M45: 38 | N45: =SUM(K45:M45) -> 74 | O45: 14 | P45: 10 | Q45: 43 | R45: =SUM(O45:Q45) -> 67 | S45: 10 | T45: 9 | U45: 55 | V45: =SUM(S45:U45) -> 74 | W45: 14 | X45: 14 | Y45: 23 | Z45: =SUM(W45:Y45) -> 51 | AD45: =SUM(AA45:AC45) -> 0 | AE45: 10 | AF45: 8 | AG45: 56 | AH45: =SUM(AE45:AG45) -> 74 | AL45: =SUM(AI45:AK45) -> 0 | AM45: 20 | AN45: 20 | AO45: 57 | AP45: =SUM(AM45:AO45) -> 97 | AT45: =SUM(AQ45:AS45) -> 0 | AX45: =SUM(AU45:AW45) -> 0 | AY45: 20 | AZ45: 20 | BA45: 48 | BB45: =SUM(AY45:BA45) -> 88 | BC45: 10 | BD45: 20 | BE45: 47 | BF45: =SUM(BC45:BE45) -> 77 | BJ45: 41 | BK45: 10 | BL45: 10 | BM45: 42 | BN45: =SUM(Table_6[[#This Row],[CAT59]:[EXAM61]]) -> 62 | BO45: 20 | BP45: 20 | BQ45: 51 | BR45: =SUM(BO45:BQ45) -> 91 | BV45: =SUM(BS45:BU45) -> 0
A46: ='[1]student detail'!A45 -> BDS/22/079 | B46: ='[1]student detail'!B45 -> AJUZIE JUNIOR | C46: 12 | D46: 10 | E46: 58 | F46: =SUM(Table_6[[#This Row],[CAT]:[EXAM]]) -> 80 | J46: =SUM(Table_6[[#This Row],[CAT3]:[EXAM5]]) -> 0 | K46: 16 | L46: 20 | M46: 38 | N46: =SUM(K46:M46) -> 74 | O46: 20 | P46: 19 | Q46: 42 | R46: =SUM(O46:Q46) -> 81 | S46: 10 | T46: 13 | U46: 50 | V46: =SUM(S46:U46) -> 73 | W46: 14 | X46: 14 | Y46: 30 | Z46: =SUM(W46:Y46) -> 58 | AD46: =SUM(AA46:AC46) -> 0 | AE46: 12 | AF46: 10 | AG46: 41 | AH46: =SUM(AE46:AG46) -> 63 | AL46: =SUM(AI46:AK46) -> 0 | AM46: 20 | AN46: 20 | AO46: 50 | AP46: =SUM(AM46:AO46) -> 90 | AT46: =SUM(AQ46:AS46) -> 0 | AX46: =SUM(AU46:AW46) -> 0 | AY46: 20 | AZ46: 20 | BA46: 42 | BB46: =SUM(AY46:BA46) -> 82 | BC46: 10 | BD46: 33 | BE46: 45 | BF46: =SUM(BC46:BE46) -> 88 | BJ46: =SUM(BG46:BI46) -> 0 | BK46: 10 | BL46: 20 | BM46: 30 | BN46: =SUM(Table_6[[#This Row],[CAT59]:[EXAM61]]) -> 60 | BO46: 20 | BP46: 20 | BQ46: 47 | BR46: =SUM(BO46:BQ46) -> 87 | BV46: =SUM(BS46:BU46) -> 0
A47: ='[1]student detail'!A46 -> BDS/22/080 | B47: ='[1]student detail'!B46 -> RAPHEL CHIKAMSO o. | C47: 12 | D47: 8 | E47: 27 | F47: =SUM(Table_6[[#This Row],[CAT]:[EXAM]]) -> 47 | J47: =SUM(Table_6[[#This Row],[CAT3]:[EXAM5]]) -> 0 | K47: 12 | L47: 20 | M47: 14 | N47: =SUM(K47:M47) -> 46 | O47: 15 | P47: 15 | Q47: 10 | R47: =SUM(O47:Q47) -> 40 | S47: 10 | T47: 9 | U47: 24 | V47: =SUM(S47:U47) -> 43 | W47: 10 | X47: 13 | Y47: 14 | Z47: =SUM(W47:Y47) -> 37 | AD47: =SUM(AA47:AC47) -> 0 | AE47: 14 | AF47: 10 | AG47: 60 | AH47: =SUM(AE47:AG47) -> 84 | AL47: =SUM(AI47:AK47) -> 0 | AM47: 20 | AN47: 20 | AO47: 44 | AP47: =SUM(AM47:AO47) -> 84 | AT47: =SUM(AQ47:AS47) -> 0 | AX47: =SUM(AU47:AW47) -> 0 | AY47: 20 | AZ47: 20 | BA47: 50 | BB47: =SUM(AY47:BA47) -> 90 | BC47: 10 | BD47: 35 | BE47: 37 | BF47: =SUM(BC47:BE47) -> 82 | BJ47: =SUM(BG47:BI47) -> 0 | BK47: 10 | BL47: 15 | BM47: 20 | BN47: =SUM(Table_6[[#This Row],[CAT59]:[EXAM61]]) -> 45 | BO47: 20 | BP47: 20 | BQ47: 38 | BR47: =SUM(BO47:BQ47) -> 78 | BV47: =SUM(BS47:BU47) -> 0
A48: ='[1]student detail'!A47 -> BDS/22/081 | B48: ='[1]student detail'!B47 -> NWAOBIARA DAVID D. | C48: 8 | D48: 12 | E48: 52 | F48: =SUM(Table_6[[#This Row],[CAT]:[EXAM]]) -> 72 | J48: =SUM(Table_6[[#This Row],[CAT3]:[EXAM5]]) -> 0 | K48: 12 | L48: 10 | M48: 22 | N48: =SUM(K48:M48) -> 44 | O48: 10 | P48: 19 | Q48: 12 | R48: =SUM(O48:Q48) -> 41 | S48: 10 | T48: 10 | U48: 21 | V48: =SUM(S48:U48) -> 41 | W48: 14 | X48: 14 | Y48: 13 | Z48: =SUM(W48:Y48) -> 41 | AD48: =SUM(AA48:AC48) -> 0 | AE48: 10 | AF48: 8 | AG48: 30 | AH48: =SUM(AE48:AG48) -> 48 | AL48: =SUM(AI48:AK48) -> 0 | AM48: 20 | AN48: 20 | AO48: 22 | AP48: =SUM(AM48:AO48) -> 62 | AT48: =SUM(AQ48:AS48) -> 0 | AX48: =SUM(AU48:AW48) -> 0 | AY48: 20 | AZ48: 20 | BA48: 41 | BB48: =SUM(AY48:BA48) -> 81 | BC48: 10 | BD48: 19 | BE48: 43 | BF48: =SUM(BC48:BE48) -> 72 | BJ48: =SUM(BG48:BI48) -> 0 | BK48: 10 | BL48: 20 | BM48: 16 | BN48: =SUM(Table_6[[#This Row],[CAT59]:[EXAM61]]) -> 46 | BO48: 20 | BP48: 20 | BQ48: 32 | BR48: =SUM(BO48:BQ48) -> 72 | BV48: =SUM(BS48:BU48) -> 0
A49: ='[1]student detail'!A48 -> BDS/22/082 | B49: ='[1]student detail'!B48 -> BONIFACE VICTORY | C49: 10 | D49: 10 | E49: 53 | F49: =SUM(Table_6[[#This Row],[CAT]:[EXAM]]) -> 73 | J49: =SUM(Table_6[[#This Row],[CAT3]:[EXAM5]]) -> 0 | K49: 15 | L49: 20 | M49: 28 | N49: =SUM(K49:M49) -> 63 | O49: 10 | P49: 18 | Q49: 17 | R49: =SUM(O49:Q49) -> 45 | S49: 10 | T49: 13 | U49: 20 | V49: 45 | W49: 16 | X49: 10 | Y49: 13 | Z49: =SUM(W49:Y49) -> 39 | AD49: =SUM(AA49:AC49) -> 0 | AE49: 12 | AF49: 8 | AG49: 54 | AH49: =SUM(AE49:AG49) -> 74 | AL49: =SUM(AI49:AK49) -> 0 | AM49: 20 | AN49: 20 | AO49: 36 | AP49: =SUM(AM49:AO49) -> 76 | AT49: =SUM(AQ49:AS49) -> 0 | AX49: =SUM(AU49:AW49) -> 0 | AY49: 20 | AZ49: 20 | BA49: 40 | BB49: =SUM(AY49:BA49) -> 80 | BC49: 10 | BD49: 20 | BF49: =SUM(BC49:BE49) -> 30 | BJ49: =SUM(BG49:BI49) -> 0 | BK49: 10 | BL49: 20 | BM49: 20 | BN49: =SUM(Table_6[[#This Row],[CAT59]:[EXAM61]]) -> 50 | BO49: 20 | BP49: 20 | BQ49: 35 | BR49: =SUM(BO49:BQ49) -> 75 | BV49: =SUM(BS49:BU49) -> 0
A50: ='[1]student detail'!A49 -> BDS/22/083 | B50: ='[1]student detail'!B49 -> DIALA CHISOM JANE | C50: 10 | D50: 10 | E50: 40 | F50: =SUM(Table_6[[#This Row],[CAT]:[EXAM]]) -> 60 | J50: =SUM(Table_6[[#This Row],[CAT3]:[EXAM5]]) -> 0 | K50: 15 | L50: 20 | M50: 25 | N50: =SUM(K50:M50) -> 60 | O50: 17 | P50: 20 | Q50: 16 | R50: =SUM(O50:Q50) -> 53 | S50: 10 | T50: 15 | U50: 20 | V50: =SUM(S50:U50) -> 45 | W50: 10 | X50: 6 | Y50: 19 | Z50: =SUM(W50:Y50) -> 35 | AD50: =SUM(AA50:AC50) -> 0 | AE50: 8 | AF50: 10 | AG50: 56 | AH50: =SUM(AE50:AG50) -> 74 | AL50: =SUM(AI50:AK50) -> 0 | AM50: 19 | AN50: 20 | AO50: 49 | AP50: =SUM(AM50:AO50) -> 88 | AT50: =SUM(AQ50:AS50) -> 0 | AX50: =SUM(AU50:AW50) -> 0 | AY50: 20 | AZ50: 20 | BA50: 55 | BB50: =SUM(AY50:BA50) -> 95 | BC50: 10 | BD50: 38 | BF50: =SUM(BC50:BE50) -> 48 | BJ50: =SUM(BG50:BI50) -> 0 | BK50: 10 | BL50: 10 | BM50: 38 | BN50: =SUM(Table_6[[#This Row],[CAT59]:[EXAM61]]) -> 58 | BO50: 20 | BP50: 20 | BQ50: 33 | BR50: =SUM(BO50:BQ50) -> 73 | BV50: =SUM(BS50:BU50) -> 0
A51: ='[1]student detail'!A50 -> BDS/22/084 | B51: ='[1]student detail'!B50 -> IKPEAMA MIRACLE | C51: 5 | D51: 6 | E51: 41 | F51: =SUM(Table_6[[#This Row],[CAT]:[EXAM]]) -> 52 | J51: =SUM(Table_6[[#This Row],[CAT3]:[EXAM5]]) -> 0 | K51: 16 | L51: 20 | M51: 7 | N51: =SUM(K51:M51) -> 43 | O51: 11 | P51: 20 | Q51: 22 | R51: =SUM(O51:Q51) -> 53 | S51: 10 | T51: 15 | U51: 25 | V51: =SUM(S51:U51) -> 50 | W51: 11 | X51: 10 | Y51: 21 | Z51: =SUM(W51:Y51) -> 42 | AD51: =SUM(AA51:AC51) -> 0 | AE51: 10 | AF51: 10 | AG51: 48 | AH51: =SUM(AE51:AG51) -> 68 | AL51: =SUM(AI51:AK51) -> 0 | AM51: 20 | AN51: 20 | AO51: 43 | AP51: =SUM(AM51:AO51) -> 83 | AT51: =SUM(AQ51:AS51) -> 0 | AX51: =SUM(AU51:AW51) -> 0 | AY51: 20 | AZ51: 20 | BA51: 40 | BB51: =SUM(AY51:BA51) -> 80 | BC51: 10 | BD51: 20 | BF51: =SUM(BC51:BE51) -> 30 | BJ51: =SUM(BG51:BI51) -> 0 | BK51: 10 | BL51: 20 | BM51: 30 | BN51: =SUM(Table_6[[#This Row],[CAT59]:[EXAM61]]) -> 60 | BO51: 20 | BP51: 20 | BQ51: 34 | BR51: =SUM(BO51:BQ51) -> 74 | BV51: =SUM(BS51:BU51) -> 0
A52: ='[1]student detail'!A51 -> 0 | B52: ='[1]student detail'!B51 -> 0 | F52: =SUM(Table_6[[#This Row],[CAT]:[EXAM]]) -> 0 | J52: =SUM(Table_6[[#This Row],[CAT3]:[EXAM5]]) -> 0 | N52: =SUM(K52:M52) -> 0 | R52: =SUM(O52:Q52) -> 0 | V52: =SUM(S52:U52) -> 0 | Z52: =SUM(W52:Y52) -> 0 | AD52: =SUM(AA52:AC52) -> 0 | AH52: =SUM(AE52:AG52) -> 0 | AL52: =SUM(AI52:AK52) -> 0 | AP52: =SUM(AM52:AO52) -> 0 | AT52: =SUM(AQ52:AS52) -> 0 | AX52: =SUM(AU52:AW52) -> 0 | BB52: =SUM(AY52:BA52) -> 0 | BF52: =SUM(BC52:BE52) -> 0 | BJ52: =SUM(BG52:BI52) -> 0 | BM52: 30 | BN52: =SUM(Table_6[[#This Row],[CAT59]:[EXAM61]]) -> 30 | BR52: =SUM(BO52:BQ52) -> 0 | BV52: =SUM(BS52:BU52) -> 0
A53: ='[1]student detail'!A52 -> 0 | B53: ='[1]student detail'!B52 -> 0 | F53: =SUM(Table_6[[#This Row],[CAT]:[EXAM]]) -> 0 | J53: =SUM(Table_6[[#This Row],[CAT3]:[EXAM5]]) -> 0 | N53: =SUM(K53:M53) -> 0 | R53: =SUM(O53:Q53) -> 0 | V53: =SUM(S53:U53) -> 0 | Z53: =SUM(W53:Y53) -> 0 | AD53: =SUM(AA53:AC53) -> 0 | AH53: =SUM(AE53:AG53) -> 0 | AL53: =SUM(AI53:AK53) -> 0 | AP53: =SUM(AM53:AO53) -> 0 | AT53: =SUM(AQ53:AS53) -> 0 | AX53: =SUM(AU53:AW53) -> 0 | BB53: =SUM(AY53:BA53) -> 0 | BF53: =SUM(BC53:BE53) -> 0 | BJ53: =SUM(BG53:BI53) -> 0 | BN53: =SUM(Table_6[[#This Row],[CAT59]:[EXAM61]]) -> 0 | BR53: =SUM(BO53:BQ53) -> 0 | BV53: =SUM(BS53:BU53) -> 0
A54: ='[1]student detail'!A53 -> 0 | B54: ='[1]student detail'!B53 -> 0 | F54: =SUM(Table_6[[#This Row],[CAT]:[EXAM]]) -> 0 | J54: =SUM(Table_6[[#This Row],[CAT3]:[EXAM5]]) -> 0 | N54: =SUM(K54:M54) -> 0 | R54: =SUM(O54:Q54) -> 0 | V54: =SUM(S54:U54) -> 0 | Z54: =SUM(W54:Y54) -> 0 | AD54: =SUM(AA54:AC54) -> 0 | AH54: =SUM(AE54:AG54) -> 0 | AL54: =SUM(AI54:AK54) -> 0 | AP54: =SUM(AM54:AO54) -> 0 | AT54: =SUM(AQ54:AS54) -> 0 | AX54: =SUM(AU54:AW54) -> 0 | BB54: =SUM(AY54:BA54) -> 0 | BF54: =SUM(BC54:BE54) -> 0 | BJ54: =SUM(BG54:BI54) -> 0 | BN54: =SUM(Table_6[[#This Row],[CAT59]:[EXAM61]]) -> 0 | BR54: =SUM(BO54:BQ54) -> 0 | BV54: =SUM(BS54:BU54) -> 0
A55: ='[1]student detail'!A54 -> 0 | B55: ='[1]student detail'!B54 -> 0 | F55: =SUM(Table_6[[#This Row],[CAT]:[EXAM]]) -> 0 | J55: =SUM(Table_6[[#This Row],[CAT3]:[EXAM5]]) -> 0 | N55: =SUM(K55:M55) -> 0 | R55: =SUM(O55:Q55) -> 0 | V55: =SUM(S55:U55) -> 0 | Z55: =SUM(W55:Y55) -> 0 | AD55: =SUM(AA55:AC55) -> 0 | AH55: =SUM(AE55:AG55) -> 0 | AL55: =SUM(AI55:AK55) -> 0 | AP55: =SUM(AM55:AO55) -> 0 | AT55: =SUM(AQ55:AS55) -> 0 | AX55: =SUM(AU55:AW55) -> 0 | BB55: =SUM(AY55:BA55) -> 0 | BF55: =SUM(BC55:BE55) -> 0 | BJ55: =SUM(BG55:BI55) -> 0 | BN55: =SUM(Table_6[[#This Row],[CAT59]:[EXAM61]]) -> 0 | BR55: =SUM(BO55:BQ55) -> 0 | BV55: =SUM(BS55:BU55) -> 0
A56: ='[1]student detail'!A55 -> 0 | B56: ='[1]student detail'!B55 -> 0 | F56: =SUM(Table_6[[#This Row],[CAT]:[EXAM]]) -> 0 | J56: =SUM(Table_6[[#This Row],[CAT3]:[EXAM5]]) -> 0 | N56: =SUM(K56:M56) -> 0 | R56: =SUM(O56:Q56) -> 0 | V56: =SUM(S56:U56) -> 0 | Z56: =SUM(W56:Y56) -> 0 | AD56: =SUM(AA56:AC56) -> 0 | AH56: =SUM(AE56:AG56) -> 0 | AL56: =SUM(AI56:AK56) -> 0 | AP56: =SUM(AM56:AO56) -> 0 | AT56: =SUM(AQ56:AS56) -> 0 | AX56: =SUM(AU56:AW56) -> 0 | BB56: =SUM(AY56:BA56) -> 0 | BF56: =SUM(BC56:BE56) -> 0 | BJ56: =SUM(BG56:BI56) -> 0 | BN56: =SUM(Table_6[[#This Row],[CAT59]:[EXAM61]]) -> 0 | BR56: =SUM(BO56:BQ56) -> 0 | BV56: =SUM(BS56:BU56) -> 0
A57: ='[1]student detail'!A56 -> 0 | B57: ='[1]student detail'!B56 -> 0 | F57: =SUM(Table_6[[#This Row],[CAT]:[EXAM]]) -> 0 | J57: =SUM(Table_6[[#This Row],[CAT3]:[EXAM5]]) -> 0 | N57: =SUM(K57:M57) -> 0 | R57: =SUM(O57:Q57) -> 0 | V57: =SUM(S57:U57) -> 0 | Z57: =SUM(W57:Y57) -> 0 | AD57: =SUM(AA57:AC57) -> 0 | AH57: =SUM(AE57:AG57) -> 0 | AL57: =SUM(AI57:AK57) -> 0 | AP57: =SUM(AM57:AO57) -> 0 | AT57: =SUM(AQ57:AS57) -> 0 | AX57: =SUM(AU57:AW57) -> 0 | BB57: =SUM(AY57:BA57) -> 0 | BF57: =SUM(BC57:BE57) -> 0 | BJ57: =SUM(BG57:BI57) -> 0 | BN57: =SUM(Table_6[[#This Row],[CAT59]:[EXAM61]]) -> 0 | BR57: =SUM(BO57:BQ57) -> 0 | BV57: =SUM(BS57:BU57) -> 0
A58: ='[1]student detail'!A57 -> 0 | B58: ='[1]student detail'!B57 -> 0 | F58: =SUM(Table_6[[#This Row],[CAT]:[EXAM]]) -> 0 | J58: =SUM(Table_6[[#This Row],[CAT3]:[EXAM5]]) -> 0 | N58: =SUM(K58:M58) -> 0 | R58: =SUM(O58:Q58) -> 0 | V58: =SUM(S58:U58) -> 0 | Z58: =SUM(W58:Y58) -> 0 | AD58: =SUM(AA58:AC58) -> 0 | AH58: =SUM(AE58:AG58) -> 0 | AL58: =SUM(AI58:AK58) -> 0 | AP58: =SUM(AM58:AO58) -> 0 | AT58: =SUM(AQ58:AS58) -> 0 | AX58: =SUM(AU58:AW58) -> 0 | BB58: =SUM(AY58:BA58) -> 0 | BF58: =SUM(BC58:BE58) -> 0 | BJ58: =SUM(BG58:BI58) -> 0 | BN58: =SUM(Table_6[[#This Row],[CAT59]:[EXAM61]]) -> 0 | BR58: =SUM(BO58:BQ58) -> 0 | BV58: =SUM(BS58:BU58) -> 0
A59: ='[1]student detail'!A58 -> 0 | B59: ='[1]student detail'!B58 -> 0 | F59: =SUM(Table_6[[#This Row],[CAT]:[EXAM]]) -> 0 | J59: =SUM(Table_6[[#This Row],[CAT3]:[EXAM5]]) -> 0 | N59: =SUM(K59:M59) -> 0 | R59: =SUM(O59:Q59) -> 0 | V59: =SUM(S59:U59) -> 0 | Z59: =SUM(W59:Y59) -> 0 | AD59: =SUM(AA59:AC59) -> 0 | AH59: =SUM(AE59:AG59) -> 0 | AL59: =SUM(AI59:AK59) -> 0 | AP59: =SUM(AM59:AO59) -> 0 | AT59: =SUM(AQ59:AS59) -> 0 | AX59: =SUM(AU59:AW59) -> 0 | BB59: =SUM(AY59:BA59) -> 0 | BF59: =SUM(BC59:BE59) -> 0 | BJ59: =SUM(BG59:BI59) -> 0 | BN59: =SUM(Table_6[[#This Row],[CAT59]:[EXAM61]]) -> 0 | BR59: =SUM(BO59:BQ59) -> 0 | BV59: =SUM(BS59:BU59) -> 0
A60: ='[1]student detail'!A59 -> 0 | B60: ='[1]student detail'!B59 -> 0 | F60: =SUM(Table_6[[#This Row],[CAT]:[EXAM]]) -> 0 | J60: =SUM(Table_6[[#This Row],[CAT3]:[EXAM5]]) -> 0 | N60: =SUM(K60:M60) -> 0 | R60: =SUM(O60:Q60) -> 0 | V60: =SUM(S60:U60) -> 0 | Z60: =SUM(W60:Y60) -> 0 | AD60: =SUM(AA60:AC60) -> 0 | AH60: =SUM(AE60:AG60) -> 0 | AL60: =SUM(AI60:AK60) -> 0 | AP60: =SUM(AM60:AO60) -> 0 | AT60: =SUM(AQ60:AS60) -> 0 | AX60: =SUM(AU60:AW60) -> 0 | BB60: =SUM(AY60:BA60) -> 0 | BF60: =SUM(BC60:BE60) -> 0 | BJ60: =SUM(BG60:BI60) -> 0 | BN60: =SUM(Table_6[[#This Row],[CAT59]:[EXAM61]]) -> 0 | BR60: =SUM(BO60:BQ60) -> 0 | BV60: =SUM(BS60:BU60) -> 0
A61: ='[1]student detail'!A60 -> 0 | B61: ='[1]student detail'!B60 -> 0 | F61: =SUM(Table_6[[#This Row],[CAT]:[EXAM]]) -> 0 | J61: =SUM(Table_6[[#This Row],[CAT3]:[EXAM5]]) -> 0 | N61: =SUM(K61:M61) -> 0 | R61: =SUM(O61:Q61) -> 0 | V61: =SUM(S61:U61) -> 0 | Z61: =SUM(W61:Y61) -> 0 | AD61: =SUM(AA61:AC61) -> 0 | AH61: =SUM(AE61:AG61) -> 0 | AL61: =SUM(AI61:AK61) -> 0 | AP61: =SUM(AM61:AO61) -> 0 | AT61: =SUM(AQ61:AS61) -> 0 | AX61: =SUM(AU61:AW61) -> 0 | BB61: =SUM(AY61:BA61) -> 0 | BF61: =SUM(BC61:BE61) -> 0 | BJ61: =SUM(BG61:BI61) -> 0 | BN61: =SUM(Table_6[[#This Row],[CAT59]:[EXAM61]]) -> 0 | BR61: =SUM(BO61:BQ61) -> 0 | BV61: =SUM(BS61:BU61) -> 0
A62: ='[1]student detail'!A61 -> 0 | B62: ='[1]student detail'!B61 -> 0 | F62: =SUM(Table_6[[#This Row],[CAT]:[EXAM]]) -> 0 | J62: =SUM(Table_6[[#This Row],[CAT3]:[EXAM5]]) -> 0 | N62: =SUM(K62:M62) -> 0 | R62: =SUM(O62:Q62) -> 0 | V62: =SUM(S62:U62) -> 0 | Z62: =SUM(W62:Y62) -> 0 | AD62: =SUM(AA62:AC62) -> 0 | AH62: =SUM(AE62:AG62) -> 0 | AL62: =SUM(AI62:AK62) -> 0 | AP62: =SUM(AM62:AO62) -> 0 | AT62: =SUM(AQ62:AS62) -> 0 | AX62: =SUM(AU62:AW62) -> 0 | BB62: =SUM(AY62:BA62) -> 0 | BF62: =SUM(BC62:BE62) -> 0 | BJ62: =SUM(BG62:BI62) -> 0 | BN62: =SUM(Table_6[[#This Row],[CAT59]:[EXAM61]]) -> 0 | BR62: =SUM(BO62:BQ62) -> 0 | BV62: =SUM(BS62:BU62) -> 0
A63: ='[1]student detail'!A62 -> 0 | B63: ='[1]student detail'!B62 -> 0 | F63: =SUM(Table_6[[#This Row],[CAT]:[EXAM]]) -> 0 | J63: =SUM(Table_6[[#This Row],[CAT3]:[EXAM5]]) -> 0 | N63: =SUM(K63:M63) -> 0 | R63: =SUM(O63:Q63) -> 0 | V63: =SUM(S63:U63) -> 0 | Z63: 10 | AD63: =SUM(AA63:AC63) -> 0 | AH63: =SUM(AE63:AG63) -> 0 | AL63: =SUM(AI63:AK63) -> 0 | AP63: =SUM(AM63:AO63) -> 0 | AT63: =SUM(AQ63:AS63) -> 0 | AX63: =SUM(AU63:AW63) -> 0 | BB63: =SUM(AY63:BA63) -> 0 | BF63: =SUM(BC63:BE63) -> 0 | BJ63: =SUM(BG63:BI63) -> 0 | BN63: =SUM(Table_6[[#This Row],[CAT59]:[EXAM61]]) -> 0 | BR63: =SUM(BO63:BQ63) -> 0 | BV63: =SUM(BS63:BU63) -> 0
A64: ='[1]student detail'!A63 -> 0 | B64: ='[1]student detail'!B63 -> 0 | F64: =SUM(Table_6[[#This Row],[CAT]:[EXAM]]) -> 0 | J64: =SUM(Table_6[[#This Row],[CAT3]:[EXAM5]]) -> 0 | N64: =SUM(K64:M64) -> 0 | R64: =SUM(O64:Q64) -> 0 | V64: =SUM(S64:U64) -> 0 | Z64: =SUM(W64:Y64) -> 0 | AD64: =SUM(AA64:AC64) -> 0 | AH64: =SUM(AE64:AG64) -> 0 | AL64: =SUM(AI64:AK64) -> 0 | AP64: =SUM(AM64:AO64) -> 0 | AT64: =SUM(AQ64:AS64) -> 0 | AX64: =SUM(AU64:AW64) -> 0 | BB64: =SUM(AY64:BA64) -> 0 | BF64: =SUM(BC64:BE64) -> 0 | BJ64: =SUM(BG64:BI64) -> 0 | BN64: =SUM(Table_6[[#This Row],[CAT59]:[EXAM61]]) -> 0 | BR64: =SUM(BO64:BQ64) -> 0 | BV64: =SUM(BS64:BU64) -> 0
A65: ='[1]student detail'!A64 -> 0 | B65: ='[1]student detail'!B64 -> 0 | F65: =SUM(Table_6[[#This Row],[CAT]:[EXAM]]) -> 0 | J65: =SUM(Table_6[[#This Row],[CAT3]:[EXAM5]]) -> 0 | N65: =SUM(K65:M65) -> 0 | R65: =SUM(O65:Q65) -> 0 | V65: =SUM(S65:U65) -> 0 | Z65: =SUM(W65:Y65) -> 0 | AD65: =SUM(AA65:AC65) -> 0 | AH65: =SUM(AE65:AG65) -> 0 | AL65: =SUM(AI65:AK65) -> 0 | AP65: =SUM(AM65:AO65) -> 0 | AT65: =SUM(AQ65:AS65) -> 0 | AX65: =SUM(AU65:AW65) -> 0 | BB65: =SUM(AY65:BA65) -> 0 | BF65: =SUM(BC65:BE65) -> 0 | BJ65: =SUM(BG65:BI65) -> 0 | BN65: =SUM(Table_6[[#This Row],[CAT59]:[EXAM61]]) -> 0 | BR65: =SUM(BO65:BQ65) -> 0 | BV65: =SUM(BS65:BU65) -> 0
A66: ='[1]student detail'!A65 -> 0 | B66: ='[1]student detail'!B65 -> 0 | F66: =SUM(Table_6[[#This Row],[CAT]:[EXAM]]) -> 0 | J66: =SUM(Table_6[[#This Row],[CAT3]:[EXAM5]]) -> 0 | N66: =SUM(K66:M66) -> 0 | R66: =SUM(O66:Q66) -> 0 | V66: =SUM(S66:U66) -> 0 | Z66: =SUM(W66:Y66) -> 0 | AD66: =SUM(AA66:AC66) -> 0 | AH66: =SUM(AE66:AG66) -> 0 | AL66: =SUM(AI66:AK66) -> 0 | AP66: =SUM(AM66:AO66) -> 0 | AT66: =SUM(AQ66:AS66) -> 0 | AX66: =SUM(AU66:AW66) -> 0 | BB66: =SUM(AY66:BA66) -> 0 | BF66: =SUM(BC66:BE66) -> 0 | BJ66: =SUM(BG66:BI66) -> 0 | BN66: =SUM(Table_6[[#This Row],[CAT59]:[EXAM61]]) -> 0 | BR66: =SUM(BO66:BQ66) -> 0 | BV66: =SUM(BS66:BU66) -> 0
A67: ='[1]student detail'!A66 -> 0 | B67: ='[1]student detail'!B66 -> 0 | F67: =SUM(Table_6[[#This Row],[CAT]:[EXAM]]) -> 0 | J67: =SUM(Table_6[[#This Row],[CAT3]:[EXAM5]]) -> 0 | N67: =SUM(K67:M67) -> 0 | R67: =SUM(O67:Q67) -> 0 | V67: =SUM(S67:U67) -> 0 | Z67: =SUM(W67:Y67) -> 0 | AD67: =SUM(AA67:AC67) -> 0 | AH67: =SUM(AE67:AG67) -> 0 | AL67: =SUM(AI67:AK67) -> 0 | AP67: =SUM(AM67:AO67) -> 0 | AT67: =SUM(AQ67:AS67) -> 0 | AX67: =SUM(AU67:AW67) -> 0 | BB67: =SUM(AY67:BA67) -> 0 | BF67: =SUM(BC67:BE67) -> 0 | BJ67: =SUM(BG67:BI67) -> 0 | BN67: =SUM(Table_6[[#This Row],[CAT59]:[EXAM61]]) -> 0 | BR67: =SUM(BO67:BQ67) -> 0 | BV67: =SUM(BS67:BU67) -> 0
A68: ='[1]student detail'!A67 -> 0 | B68: ='[1]student detail'!B67 -> 0 | F68: =SUM(Table_6[[#This Row],[CAT]:[EXAM]]) -> 0 | J68: =SUM(Table_6[[#This Row],[CAT3]:[EXAM5]]) -> 0 | N68: =SUM(K68:M68) -> 0 | R68: =SUM(O68:Q68) -> 0 | V68: =SUM(S68:U68) -> 0 | Z68: =SUM(W68:Y68) -> 0 | AD68: =SUM(AA68:AC68) -> 0 | AH68: =SUM(AE68:AG68) -> 0 | AL68: =SUM(AI68:AK68) -> 0 | AP68: =SUM(AM68:AO68) -> 0 | AT68: =SUM(AQ68:AS68) -> 0 | AX68: =SUM(AU68:AW68) -> 0 | BB68: =SUM(AY68:BA68) -> 0 | BF68: =SUM(BC68:BE68) -> 0 | BJ68: =SUM(BG68:BI68) -> 0 | BN68: =SUM(Table_6[[#This Row],[CAT59]:[EXAM61]]) -> 0 | BR68: =SUM(BO68:BQ68) -> 0 | BV68: =SUM(BS68:BU68) -> 0
A69: ='[1]student detail'!A68 -> 0 | B69: ='[1]student detail'!B68 -> 0 | F69: =SUM(Table_6[[#This Row],[CAT]:[EXAM]]) -> 0 | J69: =SUM(Table_6[[#This Row],[CAT3]:[EXAM5]]) -> 0 | N69: =SUM(K69:M69) -> 0 | R69: =SUM(O69:Q69) -> 0 | V69: =SUM(S69:U69) -> 0 | Z69: =SUM(W69:Y69) -> 0 | AD69: =SUM(AA69:AC69) -> 0 | AH69: =SUM(AE69:AG69) -> 0 | AL69: =SUM(AI69:AK69) -> 0 | AP69: =SUM(AM69:AO69) -> 0 | AT69: =SUM(AQ69:AS69) -> 0 | AX69: =SUM(AU69:AW69) -> 0 | BB69: =SUM(AY69:BA69) -> 0 | BF69: =SUM(BC69:BE69) -> 0 | BJ69: =SUM(BG69:BI69) -> 0 | BN69: =SUM(Table_6[[#This Row],[CAT59]:[EXAM61]]) -> 0 | BR69: =SUM(BO69:BQ69) -> 0 | BV69: =SUM(BS69:BU69) -> 0
A70: ='[1]student detail'!A69 -> 0 | B70: ='[1]student detail'!B69 -> 0 | F70: =SUM(Table_6[[#This Row],[CAT]:[EXAM]]) -> 0 | J70: =SUM(Table_6[[#This Row],[CAT3]:[EXAM5]]) -> 0 | N70: =SUM(K70:M70) -> 0 | R70: =SUM(O70:Q70) -> 0 | V70: =SUM(S70:U70) -> 0 | Z70: =SUM(W70:Y70) -> 0 | AD70: =SUM(AA70:AC70) -> 0 | AH70: =SUM(AE70:AG70) -> 0 | AL70: =SUM(AI70:AK70) -> 0 | AP70: =SUM(AM70:AO70) -> 0 | AT70: =SUM(AQ70:AS70) -> 0 | AX70: =SUM(AU70:AW70) -> 0 | BB70: =SUM(AY70:BA70) -> 0 | BF70: =SUM(BC70:BE70) -> 0 | BJ70: =SUM(BG70:BI70) -> 0 | BN70: =SUM(Table_6[[#This Row],[CAT59]:[EXAM61]]) -> 0 | BR70: =SUM(BO70:BQ70) -> 0 | BV70: =SUM(BS70:BU70) -> 0
A71: ='[1]student detail'!A70 -> 0 | B71: ='[1]student detail'!B70 -> 0 | F71: =SUM(Table_6[[#This Row],[CAT]:[EXAM]]) -> 0 | J71: =SUM(Table_6[[#This Row],[CAT3]:[EXAM5]]) -> 0 | N71: =SUM(K71:M71) -> 0 | R71: =SUM(O71:Q71) -> 0 | V71: =SUM(S71:U71) -> 0 | Z71: =SUM(W71:Y71) -> 0 | AD71: =SUM(AA71:AC71) -> 0 | AH71: =SUM(AE71:AG71) -> 0 | AL71: =SUM(AI71:AK71) -> 0 | AP71: =SUM(AM71:AO71) -> 0 | AT71: =SUM(AQ71:AS71) -> 0 | AX71: =SUM(AU71:AW71) -> 0 | BB71: =SUM(AY71:BA71) -> 0 | BF71: =SUM(BC71:BE71) -> 0 | BJ71: =SUM(BG71:BI71) -> 0 | BN71: =SUM(Table_6[[#This Row],[CAT59]:[EXAM61]]) -> 0 | BR71: =SUM(BO71:BQ71) -> 0 | BV71: =SUM(BS71:BU71) -> 0
A72: ='[1]student detail'!A71 -> 0 | B72: ='[1]student detail'!B71 -> 0 | F72: =SUM(Table_6[[#This Row],[CAT]:[EXAM]]) -> 0 | J72: =SUM(Table_6[[#This Row],[CAT3]:[EXAM5]]) -> 0 | N72: =SUM(K72:M72) -> 0 | R72: =SUM(O72:Q72) -> 0 | V72: =SUM(S72:U72) -> 0 | Z72: =SUM(W72:Y72) -> 0 | AD72: =SUM(AA72:AC72) -> 0 | AH72: =SUM(AE72:AG72) -> 0 | AL72: =SUM(AI72:AK72) -> 0 | AP72: =SUM(AM72:AO72) -> 0 | AT72: =SUM(AQ72:AS72) -> 0 | AX72: =SUM(AU72:AW72) -> 0 | BB72: =SUM(AY72:BA72) -> 0 | BF72: =SUM(BC72:BE72) -> 0 | BJ72: =SUM(BG72:BI72) -> 0 | BN72: =SUM(Table_6[[#This Row],[CAT59]:[EXAM61]]) -> 0 | BR72: =SUM(BO72:BQ72) -> 0 | BV72: =SUM(BS72:BU72) -> 0
A73: ='[1]student detail'!A72 -> 0 | B73: ='[1]student detail'!B72 -> 0 | F73: =SUM(Table_6[[#This Row],[CAT]:[EXAM]]) -> 0 | J73: =SUM(Table_6[[#This Row],[CAT3]:[EXAM5]]) -> 0 | N73: =SUM(K73:M73) -> 0 | R73: =SUM(O73:Q73) -> 0 | V73: =SUM(S73:U73) -> 0 | Z73: =SUM(W73:Y73) -> 0 | AD73: =SUM(AA73:AC73) -> 0 | AH73: =SUM(AE73:AG73) -> 0 | AL73: =SUM(AI73:AK73) -> 0 | AP73: =SUM(AM73:AO73) -> 0 | AT73: =SUM(AQ73:AS73) -> 0 | AX73: =SUM(AU73:AW73) -> 0 | BB73: =SUM(AY73:BA73) -> 0 | BF73: =SUM(BC73:BE73) -> 0 | BJ73: =SUM(BG73:BI73) -> 0 | BN73: =SUM(Table_6[[#This Row],[CAT59]:[EXAM61]]) -> 0 | BR73: =SUM(BO73:BQ73) -> 0 | BV73: =SUM(BS73:BU73) -> 0
A74: ='[1]student detail'!A73 -> 0 | B74: ='[1]student detail'!B73 -> 0 | F74: =SUM(Table_6[[#This Row],[CAT]:[EXAM]]) -> 0 | J74: =SUM(Table_6[[#This Row],[CAT3]:[EXAM5]]) -> 0 | N74: =SUM(K74:M74) -> 0 | R74: =SUM(O74:Q74) -> 0 | V74: =SUM(S74:U74) -> 0 | Z74: =SUM(W74:Y74) -> 0 | AD74: =SUM(AA74:AC74) -> 0 | AH74: =SUM(AE74:AG74) -> 0 | AL74: =SUM(AI74:AK74) -> 0 | AP74: =SUM(AM74:AO74) -> 0 | AT74: =SUM(AQ74:AS74) -> 0 | AX74: =SUM(AU74:AW74) -> 0 | BB74: =SUM(AY74:BA74) -> 0 | BF74: =SUM(BC74:BE74) -> 0 | BJ74: =SUM(BG74:BI74) -> 0 | BN74: =SUM(Table_6[[#This Row],[CAT59]:[EXAM61]]) -> 0 | BR74: =SUM(BO74:BQ74) -> 0 | BV74: =SUM(BS74:BU74) -> 0
A75: ='[1]student detail'!A74 -> 0 | B75: ='[1]student detail'!B74 -> 0 | F75: =SUM(Table_6[[#This Row],[CAT]:[EXAM]]) -> 0 | J75: =SUM(Table_6[[#This Row],[CAT3]:[EXAM5]]) -> 0 | N75: =SUM(K75:M75) -> 0 | R75: =SUM(O75:Q75) -> 0 | V75: =SUM(S75:U75) -> 0 | Z75: =SUM(W75:Y75) -> 0 | AD75: =SUM(AA75:AC75) -> 0 | AH75: =SUM(AE75:AG75) -> 0 | AL75: =SUM(AI75:AK75) -> 0 | AP75: =SUM(AM75:AO75) -> 0 | AT75: =SUM(AQ75:AS75) -> 0 | AX75: =SUM(AU75:AW75) -> 0 | BB75: =SUM(AY75:BA75) -> 0 | BF75: =SUM(BC75:BE75) -> 0 | BJ75: =SUM(BG75:BI75) -> 0 | BN75: =SUM(Table_6[[#This Row],[CAT59]:[EXAM61]]) -> 0 | BR75: =SUM(BO75:BQ75) -> 0 | BV75: =SUM(BS75:BU75) -> 0
... A78: ='[1]student detail'!A77 -> 0 | B78: ='[1]student detail'!B77 -> 0 | F78: =SUM(Table_6[[#This Row],[CAT]:[EXAM]]) -> 0 | J78: =SUM(Table_6[[#This Row],[CAT3]:[EXAM5]]) -> 0 | N78: =SUM(K78:M78) -> 0 | R78: =SUM(O78:Q78) -> 0 | V78: =SUM(S78:U78) -> 0 | Z78: =SUM(W78:Y78) -> 0 | AD78: =SUM(AA78:AC78) -> 0 | AH78: =SUM(AE78:AG78) -> 0 | AL78: =SUM(AI78:AK78) -> 0 | AP78: =SUM(AM78:AO78) -> 0 | AT78: =SUM(AQ78:AS78) -> 0 | AX78: =SUM(AU78:AW78) -> 0 | BB78: =SUM(AY78:BA78) -> 0 | BF78: =SUM(BC78:BE78) -> 0 | BJ78: =SUM(BG78:BI78) -> 0 | BN78: =SUM(Table_6[[#This Row],[CAT59]:[EXAM61]]) -> 0 | BR78: =SUM(BO78:BQ78) -> 0 | BV78: =SUM(BS78:BU78) -> 0
A79: ='[1]student detail'!A78 -> 0 | B79: ='[1]student detail'!B78 -> 0 | F79: =SUM(Table_6[[#This Row],[CAT]:[EXAM]]) -> 0 | J79: =SUM(Table_6[[#This Row],[CAT3]:[EXAM5]]) -> 0 | N79: =SUM(K79:M79) -> 0 | R79: =SUM(O79:Q79) -> 0 | V79: =SUM(S79:U79) -> 0 | Z79: =SUM(W79:Y79) -> 0 | AD79: =SUM(AA79:AC79) -> 0 | AH79: =SUM(AE79:AG79) -> 0 | AL79: =SUM(AI79:AK79) -> 0 | AP79: =SUM(AM79:AO79) -> 0 | AT79: =SUM(AQ79:AS79) -> 0 | AX79: =SUM(AU79:AW79) -> 0 | BB79: =SUM(AY79:BA79) -> 0 | BF79: =SUM(BC79:BE79) -> 0 | BJ79: =SUM(BG79:BI79) -> 0 | BN79: =SUM('student sheet T2'!$BK79:$BM79) -> 0 | BR79: =SUM(BO79:BQ79) -> 0 | BV79: =SUM(BS79:BU79) -> 0
A80: ='[1]student detail'!A79 -> 0 | B80: ='[1]student detail'!B79 -> 0 | F80: =SUM(Table_6[[#This Row],[CAT]:[EXAM]]) -> 0 | J80: =SUM(Table_6[[#This Row],[CAT3]:[EXAM5]]) -> 0 | N80: =SUM(K80:M80) -> 0 | R80: =SUM(O80:Q80) -> 0 | V80: =SUM(S80:U80) -> 0 | Z80: =SUM(W80:Y80) -> 0 | AD80: =SUM(AA80:AC80) -> 0 | AH80: =SUM(AE80:AG80) -> 0 | AL80: =SUM(AI80:AK80) -> 0 | AP80: =SUM(AM80:AO80) -> 0 | AT80: =SUM(AQ80:AS80) -> 0 | AX80: =SUM(AU80:AW80) -> 0 | BB80: =SUM(AY80:BA80) -> 0 | BF80: =SUM(BC80:BE80) -> 0 | BJ80: =SUM(BG80:BI80) -> 0 | BN80: =SUM('student sheet T2'!$BK80:$BM80) -> 0 | BR80: =SUM(BO80:BQ80) -> 0 | BV80: =SUM(BS80:BU80) -> 0
A81: ='[1]student detail'!A80 -> 0 | B81: ='[1]student detail'!B80 -> 0 | F81: =SUM(Table_6[[#This Row],[CAT]:[EXAM]]) -> 0 | J81: =SUM(Table_6[[#This Row],[CAT3]:[EXAM5]]) -> 0 | N81: =SUM(K81:M81) -> 0 | R81: =SUM(O81:Q81) -> 0 | V81: =SUM(S81:U81) -> 0 | Z81: =SUM(W81:Y81) -> 0 | AD81: =SUM(AA81:AC81) -> 0 | AH81: =SUM(AE81:AG81) -> 0 | AL81: =SUM(AI81:AK81) -> 0 | AP81: =SUM(AM81:AO81) -> 0 | AT81: =SUM(AQ81:AS81) -> 0 | AX81: =SUM(AU81:AW81) -> 0 | BB81: =SUM(AY81:BA81) -> 0 | BF81: =SUM(BC81:BE81) -> 0 | BJ81: =SUM(BG81:BI81) -> 0 | BN81: =SUM('student sheet T2'!$BK81:$BM81) -> 0 | BR81: =SUM(BO81:BQ81) -> 0 | BV81: =SUM(BS81:BU81) -> 0
A82: ='[1]student detail'!A81 -> 0 | B82: ='[1]student detail'!B81 -> 0 | F82: =SUM(Table_6[[#This Row],[CAT]:[EXAM]]) -> 0 | J82: =SUM(Table_6[[#This Row],[CAT3]:[EXAM5]]) -> 0 | N82: =SUM(K82:M82) -> 0 | R82: =SUM(O82:Q82) -> 0 | V82: =SUM(S82:U82) -> 0 | Z82: =SUM(W82:Y82) -> 0 | AD82: =SUM(AA82:AC82) -> 0 | AH82: =SUM(AE82:AG82) -> 0 | AL82: =SUM(AI82:AK82) -> 0 | AP82: =SUM(AM82:AO82) -> 0 | AT82: =SUM(AQ82:AS82) -> 0 | AX82: =SUM(AU82:AW82) -> 0 | BB82: =SUM(AY82:BA82) -> 0 | BF82: =SUM(BC82:BE82) -> 0 | BJ82: =SUM(BG82:BI82) -> 0 | BN82: =SUM('student sheet T2'!$BK82:$BM82) -> 0 | BR82: =SUM(BO82:BQ82) -> 0 | BV82: =SUM(BS82:BU82) -> 0
A83: ='[1]student detail'!A82 -> 0 | B83: ='[1]student detail'!B82 -> 0 | F83: =SUM(Table_6[[#This Row],[CAT]:[EXAM]]) -> 0 | J83: =SUM(Table_6[[#This Row],[CAT3]:[EXAM5]]) -> 0 | N83: =SUM(K83:M83) -> 0 | R83: =SUM(O83:Q83) -> 0 | V83: =SUM(S83:U83) -> 0 | Z83: =SUM(W83:Y83) -> 0 | AD83: =SUM(AA83:AC83) -> 0 | AH83: =SUM(AE83:AG83) -> 0 | AL83: =SUM(AI83:AK83) -> 0 | AP83: =SUM(AM83:AO83) -> 0 | AT83: =SUM(AQ83:AS83) -> 0 | AX83: =SUM(AU83:AW83) -> 0 | BB83: =SUM(AY83:BA83) -> 0 | BF83: =SUM(BC83:BE83) -> 0 | BJ83: =SUM(BG83:BI83) -> 0 | BN83: =SUM('student sheet T2'!$BK83:$BM83) -> 0 | BR83: =SUM(BO83:BQ83) -> 0 | BV83: =SUM(BS83:BU83) -> 0
A84: ='[1]student detail'!A83 -> 0 | B84: ='[1]student detail'!B83 -> 0 | F84: =SUM(Table_6[[#This Row],[CAT]:[EXAM]]) -> 0 | J84: =SUM(Table_6[[#This Row],[CAT3]:[EXAM5]]) -> 0 | N84: =SUM(K84:M84) -> 0 | R84: =SUM(O84:Q84) -> 0 | V84: =SUM(S84:U84) -> 0 | Z84: =SUM(W84:Y84) -> 0 | AD84: =SUM(AA84:AC84) -> 0 | AH84: =SUM(AE84:AG84) -> 0 | AL84: =SUM(AI84:AK84) -> 0 | AP84: =SUM(AM84:AO84) -> 0 | AT84: =SUM(AQ84:AS84) -> 0 | AX84: =SUM(AU84:AW84) -> 0 | BB84: =SUM(AY84:BA84) -> 0 | BF84: =SUM(BC84:BE84) -> 0 | BJ84: =SUM(BG84:BI84) -> 0 | BN84: =SUM('student sheet T2'!$BK84:$BM84) -> 0 | BR84: =SUM(BO84:BQ84) -> 0 | BV84: =SUM(BS84:BU84) -> 0
A85: ='[1]student detail'!A84 -> 0 | B85: ='[1]student detail'!B84 -> 0 | F85: =SUM(Table_6[[#This Row],[CAT]:[EXAM]]) -> 0 | J85: =SUM(Table_6[[#This Row],[CAT3]:[EXAM5]]) -> 0 | N85: =SUM(K85:M85) -> 0 | R85: =SUM(O85:Q85) -> 0 | V85: =SUM(S85:U85) -> 0 | Z85: =SUM(W85:Y85) -> 0 | AD85: =SUM(AA85:AC85) -> 0 | AH85: =SUM(AE85:AG85) -> 0 | AL85: =SUM(AI85:AK85) -> 0 | AP85: =SUM(AM85:AO85) -> 0 | AT85: =SUM(AQ85:AS85) -> 0 | AX85: =SUM(AU85:AW85) -> 0 | BB85: =SUM(AY85:BA85) -> 0 | BF85: =SUM(BC85:BE85) -> 0 | BJ85: =SUM(BG85:BI85) -> 0 | BN85: =SUM('student sheet T2'!$BK85:$BM85) -> 0 | BR85: =SUM(BO85:BQ85) -> 0 | BV85: =SUM(BS85:BU85) -> 0
A86: ='[1]student detail'!A85 -> 0 | B86: ='[1]student detail'!B85 -> 0 | F86: =SUM(Table_6[[#This Row],[CAT]:[EXAM]]) -> 0 | J86: =SUM(Table_6[[#This Row],[CAT3]:[EXAM5]]) -> 0 | N86: =SUM(K86:M86) -> 0 | R86: =SUM(O86:Q86) -> 0 | V86: =SUM(S86:U86) -> 0 | Z86: =SUM(W86:Y86) -> 0 | AD86: =SUM(AA86:AC86) -> 0 | AH86: =SUM(AE86:AG86) -> 0 | AL86: =SUM(AI86:AK86) -> 0 | AP86: =SUM(AM86:AO86) -> 0 | AT86: =SUM(AQ86:AS86) -> 0 | AX86: =SUM(AU86:AW86) -> 0 | BB86: =SUM(AY86:BA86) -> 0 | BF86: =SUM(BC86:BE86) -> 0 | BJ86: =SUM(BG86:BI86) -> 0 | BN86: =SUM('student sheet T2'!$BK86:$BM86) -> 0 | BR86: =SUM(BO86:BQ86) -> 0 | BV86: =SUM(BS86:BU86) -> 0
A87: ='[1]student detail'!A86 -> 0 | B87: ='[1]student detail'!B86 -> 0 | F87: =SUM(Table_6[[#This Row],[CAT]:[EXAM]]) -> 0 | J87: =SUM(Table_6[[#This Row],[CAT3]:[EXAM5]]) -> 0 | N87: =SUM(K87:M87) -> 0 | R87: =SUM(O87:Q87) -> 0 | V87: =SUM(S87:U87) -> 0 | Z87: =SUM(W87:Y87) -> 0 | AD87: =SUM(AA87:AC87) -> 0 | AH87: =SUM(AE87:AG87) -> 0 | AL87: =SUM(AI87:AK87) -> 0 | AP87: =SUM(AM87:AO87) -> 0 | AT87: =SUM(AQ87:AS87) -> 0 | AX87: =SUM(AU87:AW87) -> 0 | BB87: =SUM(AY87:BA87) -> 0 | BF87: =SUM(BC87:BE87) -> 0 | BJ87: =SUM(BG87:BI87) -> 0 | BN87: =SUM('student sheet T2'!$BK87:$BM87) -> 0 | BR87: =SUM(BO87:BQ87) -> 0 | BV87: =SUM(BS87:BU87) -> 0
A88: ='[1]student detail'!A87 -> 0 | B88: ='[1]student detail'!B87 -> 0 | F88: =SUM(Table_6[[#This Row],[CAT]:[EXAM]]) -> 0 | J88: =SUM(Table_6[[#This Row],[CAT3]:[EXAM5]]) -> 0 | N88: =SUM(K88:M88) -> 0 | R88: =SUM(O88:Q88) -> 0 | V88: =SUM(S88:U88) -> 0 | Z88: =SUM(W88:Y88) -> 0 | AD88: =SUM(AA88:AC88) -> 0 | AH88: =SUM(AE88:AG88) -> 0 | AL88: =SUM(AI88:AK88) -> 0 | AP88: =SUM(AM88:AO88) -> 0 | AT88: =SUM(AQ88:AS88) -> 0 | AX88: =SUM(AU88:AW88) -> 0 | BB88: =SUM(AY88:BA88) -> 0 | BF88: =SUM(BC88:BE88) -> 0 | BJ88: =SUM(BG88:BI88) -> 0 | BN88: =SUM('student sheet T2'!$BK88:$BM88) -> 0 | BR88: =SUM(BO88:BQ88) -> 0 | BV88: =SUM(BS88:BU88) -> 0
A89: ='[1]student detail'!A88 -> 0 | B89: ='[1]student detail'!B88 -> 0 | F89: =SUM(Table_6[[#This Row],[CAT]:[EXAM]]) -> 0 | J89: =SUM(Table_6[[#This Row],[CAT3]:[EXAM5]]) -> 0 | N89: =SUM(K89:M89) -> 0 | R89: =SUM(O89:Q89) -> 0 | V89: =SUM(S89:U89) -> 0 | Z89: =SUM(W89:Y89) -> 0 | AD89: =SUM(AA89:AC89) -> 0 | AH89: =SUM(AE89:AG89) -> 0 | AL89: =SUM(AI89:AK89) -> 0 | AP89: =SUM(AM89:AO89) -> 0 | AT89: =SUM(AQ89:AS89) -> 0 | AX89: =SUM(AU89:AW89) -> 0 | BB89: =SUM(AY89:BA89) -> 0 | BF89: =SUM(BC89:BE89) -> 0 | BJ89: =SUM(BG89:BI89) -> 0 | BN89: =SUM('student sheet T2'!$BK89:$BM89) -> 0 | BR89: =SUM(BO89:BQ89) -> 0 | BV89: =SUM(BS89:BU89) -> 0
A90: ='[1]student detail'!A89 -> 0 | B90: ='[1]student detail'!B89 -> 0 | F90: =SUM(Table_6[[#This Row],[CAT]:[EXAM]]) -> 0 | J90: =SUM(Table_6[[#This Row],[CAT3]:[EXAM5]]) -> 0 | N90: =SUM(K90:M90) -> 0 | R90: =SUM(O90:Q90) -> 0 | V90: =SUM(S90:U90) -> 0 | Z90: =SUM(W90:Y90) -> 0 | AD90: =SUM(AA90:AC90) -> 0 | AH90: =SUM(AE90:AG90) -> 0 | AL90: =SUM(AI90:AK90) -> 0 | AP90: =SUM(AM90:AO90) -> 0 | AT90: =SUM(AQ90:AS90) -> 0 | AX90: =SUM(AU90:AW90) -> 0 | BB90: =SUM(AY90:BA90) -> 0 | BF90: =SUM(BC90:BE90) -> 0 | BJ90: =SUM(BG90:BI90) -> 0 | BN90: =SUM('student sheet T2'!$BK90:$BM90) -> 0 | BR90: =SUM(BO90:BQ90) -> 0 | BV90: =SUM(BS90:BU90) -> 0
... A108: ='[1]student detail'!A107 -> 0 | B108: ='[1]student detail'!B107 -> 0 | F108: =SUM(Table_6[[#This Row],[CAT]:[EXAM]]) -> 0 | J108: =SUM(Table_6[[#This Row],[CAT3]:[EXAM5]]) -> 0 | N108: =SUM(K108:M108) -> 0 | R108: =SUM(O108:Q108) -> 0 | V108: =SUM(S108:U108) -> 0 | Z108: =SUM(W108:Y108) -> 0 | AD108: =SUM(AA108:AC108) -> 0 | AH108: =SUM(AE108:AG108) -> 0 | AL108: =SUM(AI108:AK108) -> 0 | AP108: =SUM(AM108:AO108) -> 0 | AT108: =SUM(AQ108:AS108) -> 0 | AX108: =SUM(AU108:AW108) -> 0 | BB108: =SUM(AY108:BA108) -> 0 | BF108: =SUM(BC108:BE108) -> 0 | BJ108: =SUM(BG108:BI108) -> 0 | BN108: =SUM('student sheet T2'!$BK108:$BM108) -> 0 | BR108: =SUM(BO108:BQ108) -> 0 | BV108: =SUM(BS108:BU108) -> 0
A109: ='[1]student detail'!A108 -> 0 | B109: ='[1]student detail'!B108 -> 0 | F109: =SUM(Table_6[[#This Row],[CAT]:[EXAM]]) -> 0 | J109: =SUM(Table_6[[#This Row],[CAT3]:[EXAM5]]) -> 0 | N109: =SUM(K109:M109) -> 0 | R109: =SUM(O109:Q109) -> 0 | V109: =SUM(S109:U109) -> 0
A110: ='[1]student detail'!A109 -> 0 | B110: ='[1]student detail'!B109 -> 0 | F110: =SUM(Table_6[[#This Row],[CAT]:[EXAM]]) -> 0 | J110: =SUM(Table_6[[#This Row],[CAT3]:[EXAM5]]) -> 0 | N110: =SUM(K110:M110) -> 0 | R110: =SUM(O110:Q110) -> 0 | V110: =SUM(S110:U110) -> 0
A111: ='[1]student detail'!A110 -> 0 | B111: ='[1]student detail'!B110 -> 0 | F111: =SUM(Table_6[[#This Row],[CAT]:[EXAM]]) -> 0 | J111: =SUM(Table_6[[#This Row],[CAT3]:[EXAM5]]) -> 0 | N111: =SUM(K111:M111) -> 0 | R111: =SUM(O111:Q111) -> 0 | V111: =SUM(S111:U111) -> 0
A112: ='[1]student detail'!A111 -> 0 | B112: ='[1]student detail'!B111 -> 0 | F112: =SUM(Table_6[[#This Row],[CAT]:[EXAM]]) -> 0 | J112: =SUM(Table_6[[#This Row],[CAT3]:[EXAM5]]) -> 0 | N112: =SUM(K112:M112) -> 0 | R112: =SUM(O112:Q112) -> 0 | V112: =SUM(S112:U112) -> 0
A113: ='[1]student detail'!A112 -> 0 | B113: ='[1]student detail'!B112 -> 0 | F113: =SUM(Table_6[[#This Row],[CAT]:[EXAM]]) -> 0 | J113: =SUM(Table_6[[#This Row],[CAT3]:[EXAM5]]) -> 0 | N113: =SUM(K113:M113) -> 0 | R113: =SUM(O113:Q113) -> 0 | V113: =SUM(S113:U113) -> 0
A114: ='[1]student detail'!A113 -> 0 | B114: ='[1]student detail'!B113 -> 0 | F114: =SUM(Table_6[[#This Row],[CAT]:[EXAM]]) -> 0 | J114: =SUM(Table_6[[#This Row],[CAT3]:[EXAM5]]) -> 0 | N114: =SUM(K114:M114) -> 0 | R114: =SUM(O114:Q114) -> 0 | V114: =SUM(S114:U114) -> 0
A115: ='[1]student detail'!A114 -> 0 | B115: ='[1]student detail'!B114 -> 0 | F115: =SUM(Table_6[[#This Row],[CAT]:[EXAM]]) -> 0 | J115: =SUM(Table_6[[#This Row],[CAT3]:[EXAM5]]) -> 0 | N115: =SUM(K115:M115) -> 0 | R115: =SUM(O115:Q115) -> 0 | V115: =SUM(S115:U115) -> 0
A116: ='[1]student detail'!A115 -> 0 | B116: ='[1]student detail'!B115 -> 0 | F116: =SUM(Table_6[[#This Row],[CAT]:[EXAM]]) -> 0 | J116: =SUM(Table_6[[#This Row],[CAT3]:[EXAM5]]) -> 0 | N116: =SUM(K116:M116) -> 0 | R116: =SUM(O116:Q116) -> 0 | V116: =SUM(S116:U116) -> 0
A117: ='[1]student detail'!A116 -> 0 | B117: ='[1]student detail'!B116 -> 0 | F117: =SUM(Table_6[[#This Row],[CAT]:[EXAM]]) -> 0 | J117: =SUM(Table_6[[#This Row],[CAT3]:[EXAM5]]) -> 0 | N117: =SUM(K117:M117) -> 0 | R117: =SUM(O117:Q117) -> 0 | V117: =SUM(S117:U117) -> 0
A118: ='[1]student detail'!A117 -> 0 | B118: ='[1]student detail'!B117 -> 0 | F118: =SUM(Table_6[[#This Row],[CAT]:[EXAM]]) -> 0 | N118: =SUM(K118:M118) -> 0 | R118: =SUM(O118:Q118) -> 0 | V118: =SUM(S118:U118) -> 0
A119: ='[1]student detail'!A118 -> 0 | B119: ='[1]student detail'!B118 -> 0 | F119: =SUM(Table_6[[#This Row],[CAT]:[EXAM]]) -> 0 | N119: =SUM(K119:M119) -> 0 | R119: =SUM(O119:Q119) -> 0 | V119: =SUM(S119:U119) -> 0
...
